ticket_id|order_id|customer_id|quantity|net_sales|event_code|event_name|event_date|event_season
1|182|160|1|58.549109713360856|CHL-ARS|Chelsea vs Arsenal|5-May-2018|2020/2021
2|376|46|1|44.254019825925596|CHL-ARS|Chelsea vs Arsenal|5-May-2018|2020/2021
3|282|116|5|47.003734818026274|CHL-ARS|Chelsea vs Arsenal|5-May-2018|2020/2021
4|20|76|2|29.129084256003214|BTH-SRC|Bath vs Saracens|Jan-30-2018|2020/2021
5|14|190|5|4.149145499654416|BTH-SRC|Bath vs Saracens|Jan-30-2018|2020/2021
6|180|50|5|66.66983586385955|F1-SILV|Silverstone|30-Jan-2018|2020/2021
7|27|119|2|63.18503683119583|F1-SILV|Silverstone|30-Jan-2018|2020/2021
8|328|35|3|95.10597433519284|BTH-SRC|Bath vs Saracens|Jan-30-2018|2020/2021
9|211|61|5|19.195187382011447|BTH-SRC|Bath vs Saracens|Jan-30-2018|2020/2021
10|301|12|1|13.420692154161252|CHL-ARS|Chelsea vs Arsenal|5-May-2018|2020/2021
11|206|84|2|88.81574900342206|CHL-ARS|Chelsea vs Arsenal|5-May-2018|2020/2021
12|231|138|3|49.519398503443746|CHL-ARS|Chelsea vs Arsenal|5-May-2018|2020/2021
13|138|38|2|13.925036163489812|BTH-SRC|Bath vs Saracens|Jan-30-2018|2020/2021
14|151|74|2|28.361332034948017|BTH-SRC|Bath vs Saracens|Jan-30-2018|2020/2021
15|169|181|1|52.44055177103104|BTH-SRC|Bath vs Saracens|Jan-30-2018|2020/2021
16|225|77|5|70.73639549564675|F1-SILV|Silverstone|30-Jan-2018|2020/2021
17|314|17|4|59.667312519027185|BTH-SRC|Bath vs Saracens|Jan-30-2018|2020/2021
18|186|76|4|66.7581032769316|CHL-ARS|Chelsea vs Arsenal|5-May-2018|2020/2021
19|43|183|1|39.19345639802052|CHL-ARS|Chelsea vs Arsenal|5-May-2018|2020/2021
20|155|164|4|99.21673366401778|F1-SILV|Silverstone|30-Jan-2018|2020/2021
21|330|140|2|46.17311575760227|BTH-SRC|Bath vs Saracens|Jan-30-2018|2020/2021
22|342|46|5|48.298284726205196|F1-SILV|Silverstone|30-Jan-2018|2020/2021
23|230|74|4|26.99100642076028|CHL-ARS|Chelsea vs Arsenal|5-May-2018|2020/2021
24|18|103|1|3.9787631268503487|F1-SILV|Silverstone|30-Jan-2018|2020/2021
25|125|47|4|82.99822217570716|CHL-ARS|Chelsea vs Arsenal|5-May-2018|2020/2021
26|395|52|1|36.936268145269615|BTH-SRC|Bath vs Saracens|Jan-30-2018|2020/2021
27|155|146|3|69.6391908116053|BTH-SRC|Bath vs Saracens|Jan-30-2018|2020/2021
28|74|141|4|15.36219914374305|BTH-SRC|Bath vs Saracens|Jan-30-2018|2020/2021
29|234|60|3|48.63952175264408|F1-SILV|Silverstone|30-Jan-2018|2020/2021
30|151|31|5|67.22559948037683|BTH-SRC|Bath vs Saracens|Jan-30-2018|2020/2021
31|2|34|3|61.84084000660015|BTH-SRC|Bath vs Saracens|Jan-30-2018|2020/2021
32|57|167|5|93.2267951504204|F1-SILV|Silverstone|30-Jan-2018|2020/2021
33|188|187|3|14.150607186788145|F1-SILV|Silverstone|30-Jan-2018|2020/2021
34|22|92|4|52.70240386660062|BTH-SRC|Bath vs Saracens|Jan-30-2018|2020/2021
35|278|89|1|19.290435535351524|BTH-SRC|Bath vs Saracens|Jan-30-2018|2020/2021
36|73|158|2|54.951322611738654|BTH-SRC|Bath vs Saracens|Jan-30-2018|2020/2021
37|330|146|2|96.12810279863999|F1-SILV|Silverstone|30-Jan-2018|2020/2021
38|23|14|1|27.05352787228342|BTH-SRC|Bath vs Saracens|Jan-30-2018|2020/2021
39|134|57|5|85.68807253316723|F1-SILV|Silverstone|30-Jan-2018|2020/2021
40|314|31|5|56.49283616026801|CHL-ARS|Chelsea vs Arsenal|5-May-2018|2020/2021
41|263|127|5|74.64082081229718|CHL-ARS|Chelsea vs Arsenal|5-May-2018|2020/2021
42|362|124|2|36.01197035537277|F1-SILV|Silverstone|30-Jan-2018|2020/2021
43|89|67|3|50.443768808803505|BTH-SRC|Bath vs Saracens|Jan-30-2018|2020/2021
44|228|102|5|92.20965788371089|F1-SILV|Silverstone|30-Jan-2018|2020/2021
45|192|44|4|26.52650791931054|CHL-ARS|Chelsea vs Arsenal|5-May-2018|2020/2021
46|196|74|2|68.51077006523305|CHL-ARS|Chelsea vs Arsenal|5-May-2018|2020/2021
47|37|17|4|20.52129371446195|CHL-ARS|Chelsea vs Arsenal|5-May-2018|2020/2021
48|225|84|5|21.48867430574698|F1-SILV|Silverstone|30-Jan-2018|2020/2021
49|55|76|5|36.43089419723925|CHL-ARS|Chelsea vs Arsenal|5-May-2018|2020/2021
50|126|88|2|76.60897100834961|CHL-ARS|Chelsea vs Arsenal|5-May-2018|2020/2021
51|60|26|3|39.781118477871416|BTH-SRC|Bath vs Saracens|Jan-30-2018|2020/2021
52|98|10|4|75.12507749975511|F1-SILV|Silverstone|30-Jan-2018|2020/2021
53|173|192|3|25.904420964079666|CHL-ARS|Chelsea vs Arsenal|5-May-2018|2020/2021
54|396|60|1|90.82524250299655|F1-SILV|Silverstone|30-Jan-2018|2020/2021
55|256|178|5|70.619404179683|CHL-ARS|Chelsea vs Arsenal|5-May-2018|2020/2021
56|71|196|1|2.3256757809986928|BTH-SRC|Bath vs Saracens|Jan-30-2018|2020/2021
57|333|182|1|89.54050706553554|CHL-ARS|Chelsea vs Arsenal|5-May-2018|2020/2021
58|241|39|3|92.19281228265777|CHL-ARS|Chelsea vs Arsenal|5-May-2018|2020/2021
59|178|169|3|43.45565224563796|CHL-ARS|Chelsea vs Arsenal|5-May-2018|2020/2021
60|76|68|5|81.74473741866959|BTH-SRC|Bath vs Saracens|Jan-30-2018|2020/2021
61|250|65|4|66.7287013300203|CHL-ARS|Chelsea vs Arsenal|5-May-2018|2020/2021
62|37|120|3|0.5931443944044212|CHL-ARS|Chelsea vs Arsenal|5-May-2018|2020/2021
63|75|83|4|60.31566855347984|CHL-ARS|Chelsea vs Arsenal|5-May-2018|2020/2021
64|300|198|5|39.14245740341792|CHL-ARS|Chelsea vs Arsenal|5-May-2018|2020/2021
65|160|197|5|83.6866464125383|CHL-ARS|Chelsea vs Arsenal|5-May-2018|2020/2021
66|277|159|3|20.576629445159178|BTH-SRC|Bath vs Saracens|Jan-30-2018|2020/2021
67|215|116|3|6.129456770673958|F1-SILV|Silverstone|30-Jan-2018|2020/2021
68|128|164|2|59.49169533477283|CHL-ARS|Chelsea vs Arsenal|5-May-2018|2020/2021
69|269|96|5|75.52200161309273|CHL-ARS|Chelsea vs Arsenal|5-May-2018|2020/2021
70|389|76|5|59.10092746242719|BTH-SRC|Bath vs Saracens|Jan-30-2018|2020/2021
71|312|177|2|7.776247349051446|CHL-ARS|Chelsea vs Arsenal|5-May-2018|2020/2021
72|104|174|2|76.23050680469895|F1-SILV|Silverstone|30-Jan-2018|2020/2021
73|218|32|2|28.382677225470797|F1-SILV|Silverstone|30-Jan-2018|2020/2021
74|67|54|4|6.019507261179868|F1-SILV|Silverstone|30-Jan-2018|2020/2021
75|232|181|1|35.94658750445943|F1-SILV|Silverstone|30-Jan-2018|2020/2021
76|64|137|2|63.452512099825356|BTH-SRC|Bath vs Saracens|Jan-30-2018|2020/2021
77|59|3|5|54.80645749134272|CHL-ARS|Chelsea vs Arsenal|5-May-2018|2020/2021
78|38|146|2|78.3949173944329|CHL-ARS|Chelsea vs Arsenal|5-May-2018|2020/2021
79|374|70|3|62.760498888468184|CHL-ARS|Chelsea vs Arsenal|5-May-2018|2020/2021
80|391|177|4|66.05181003003406|CHL-ARS|Chelsea vs Arsenal|5-May-2018|2020/2021
81|160|87|3|34.07465649354874|CHL-ARS|Chelsea vs Arsenal|5-May-2018|2020/2021
82|342|165|5|22.024045907522773|BTH-SRC|Bath vs Saracens|Jan-30-2018|2020/2021
83|64|6|2|46.91108191314499|CHL-ARS|Chelsea vs Arsenal|5-May-2018|2020/2021
84|195|148|3|66.54453401707224|CHL-ARS|Chelsea vs Arsenal|5-May-2018|2020/2021
85|366|8|5|47.4717720795825|F1-SILV|Silverstone|30-Jan-2018|2020/2021
86|308|38|3|60.10869423810766|CHL-ARS|Chelsea vs Arsenal|5-May-2018|2020/2021
87|392|156|1|91.78244306077004|CHL-ARS|Chelsea vs Arsenal|5-May-2018|2020/2021
88|134|108|4|84.76222838392687|BTH-SRC|Bath vs Saracens|Jan-30-2018|2020/2021
89|357|107|1|57.51452202643892|BTH-SRC|Bath vs Saracens|Jan-30-2018|2020/2021
90|163|199|2|57.34768612229133|CHL-ARS|Chelsea vs Arsenal|5-May-2018|2020/2021
91|365|122|5|97.41446980507253|CHL-ARS|Chelsea vs Arsenal|5-May-2018|2020/2021
92|309|147|3|13.74578333610229|F1-SILV|Silverstone|30-Jan-2018|2020/2021
93|248|103|2|50.321070842333945|F1-SILV|Silverstone|30-Jan-2018|2020/2021
94|37|189|1|30.339830046040127|BTH-SRC|Bath vs Saracens|Jan-30-2018|2020/2021
95|85|74|1|14.812959025481776|BTH-SRC|Bath vs Saracens|Jan-30-2018|2020/2021
96|392|198|5|68.4283406096015|BTH-SRC|Bath vs Saracens|Jan-30-2018|2020/2021
97|317|181|5|82.32381860247516|F1-SILV|Silverstone|30-Jan-2018|2020/2021
98|364|147|5|8.15027062019118|CHL-ARS|Chelsea vs Arsenal|5-May-2018|2020/2021
99|294|55|4|12.460026742041542|BTH-SRC|Bath vs Saracens|Jan-30-2018|2020/2021
100|391|17|2|14.570397416119519|CHL-ARS|Chelsea vs Arsenal|5-May-2018|2020/2021
101|180|143|4|88.65285110165605|F1-SILV|Silverstone|30-Jan-2018|2020/2021
102|231|46|4|13.766583911242714|F1-SILV|Silverstone|30-Jan-2018|2020/2021
103|59|191|1|5.7131768073452776|CHL-ARS|Chelsea vs Arsenal|5-May-2018|2020/2021
104|215|129|1|31.52848623976878|F1-SILV|Silverstone|30-Jan-2018|2020/2021
105|54|160|3|35.752517372272216|F1-SILV|Silverstone|30-Jan-2018|2020/2021
106|25|79|2|40.74179619429172|CHL-ARS|Chelsea vs Arsenal|5-May-2018|2020/2021
107|192|69|5|84.86224521385182|F1-SILV|Silverstone|30-Jan-2018|2020/2021
108|138|145|5|40.1391439532873|BTH-SRC|Bath vs Saracens|Jan-30-2018|2020/2021
109|326|2|2|21.875793674184575|F1-SILV|Silverstone|30-Jan-2018|2020/2021
110|283|48|4|67.97365981226402|BTH-SRC|Bath vs Saracens|Jan-30-2018|2020/2021
111|267|46|4|0.19139433317394428|CHL-ARS|Chelsea vs Arsenal|5-May-2018|2020/2021
112|29|80|4|25.338979483751157|CHL-ARS|Chelsea vs Arsenal|5-May-2018|2020/2021
113|78|63|5|36.962098646814|F1-SILV|Silverstone|30-Jan-2018|2020/2021
114|388|67|4|17.228749808849464|BTH-SRC|Bath vs Saracens|Jan-30-2018|2020/2021
115|353|54|3|15.025046626928152|F1-SILV|Silverstone|30-Jan-2018|2020/2021
116|16|36|5|68.70738519830373|F1-SILV|Silverstone|30-Jan-2018|2020/2021
117|355|89|5|37.46953432435469|BTH-SRC|Bath vs Saracens|Jan-30-2018|2020/2021
118|237|151|3|97.26756679787529|F1-SILV|Silverstone|30-Jan-2018|2020/2021
119|15|119|3|14.936397763672392|BTH-SRC|Bath vs Saracens|Jan-30-2018|2020/2021
120|362|180|4|97.29150126855271|CHL-ARS|Chelsea vs Arsenal|5-May-2018|2020/2021
121|370|154|4|52.436729430322075|F1-SILV|Silverstone|30-Jan-2018|2020/2021
122|140|14|3|22.250091720537178|BTH-SRC|Bath vs Saracens|Jan-30-2018|2020/2021
123|359|108|5|20.020193781864005|F1-SILV|Silverstone|30-Jan-2018|2020/2021
124|67|195|1|97.57791910225752|CHL-ARS|Chelsea vs Arsenal|5-May-2018|2020/2021
125|265|24|1|79.26320593094137|CHL-ARS|Chelsea vs Arsenal|5-May-2018|2020/2021
126|42|140|4|95.80068696740261|CHL-ARS|Chelsea vs Arsenal|5-May-2018|2020/2021
127|31|17|1|37.813689599388276|CHL-ARS|Chelsea vs Arsenal|5-May-2018|2020/2021
128|371|80|4|73.6289059549992|BTH-SRC|Bath vs Saracens|Jan-30-2018|2020/2021
129|351|60|5|2.712603516616008|F1-SILV|Silverstone|30-Jan-2018|2020/2021
130|396|195|4|87.74239637845643|F1-SILV|Silverstone|30-Jan-2018|2020/2021
131|398|21|4|14.328890099479363|F1-SILV|Silverstone|30-Jan-2018|2020/2021
132|15|103|5|73.48088310210088|F1-SILV|Silverstone|30-Jan-2018|2020/2021
133|181|98|5|6.847893234237034|F1-SILV|Silverstone|30-Jan-2018|2020/2021
134|57|94|1|93.70018409922048|BTH-SRC|Bath vs Saracens|Jan-30-2018|2020/2021
135|341|184|5|55.683451746677335|F1-SILV|Silverstone|30-Jan-2018|2020/2021
136|100|63|4|80.71520237008026|F1-SILV|Silverstone|30-Jan-2018|2020/2021
137|172|77|1|3.9328760932386464|CHL-ARS|Chelsea vs Arsenal|5-May-2018|2020/2021
138|86|17|4|45.921591563384276|F1-SILV|Silverstone|30-Jan-2018|2020/2021
139|99|139|2|66.64267481196713|BTH-SRC|Bath vs Saracens|Jan-30-2018|2020/2021
140|221|142|5|37.191260908903836|F1-SILV|Silverstone|30-Jan-2018|2020/2021
141|103|139|1|79.90385489296682|CHL-ARS|Chelsea vs Arsenal|5-May-2018|2020/2021
142|239|171|5|96.26849066453298|F1-SILV|Silverstone|30-Jan-2018|2020/2021
143|377|102|4|29.27623805613493|CHL-ARS|Chelsea vs Arsenal|5-May-2018|2020/2021
144|371|81|3|84.24369505782391|CHL-ARS|Chelsea vs Arsenal|5-May-2018|2020/2021
145|280|85|1|43.35741949164645|F1-SILV|Silverstone|30-Jan-2018|2020/2021
146|22|36|5|74.75366431954792|BTH-SRC|Bath vs Saracens|Jan-30-2018|2020/2021
147|47|67|1|46.34443083514718|BTH-SRC|Bath vs Saracens|Jan-30-2018|2020/2021
148|174|138|4|27.336996533259228|F1-SILV|Silverstone|30-Jan-2018|2020/2021
149|112|44|4|57.29681589980535|BTH-SRC|Bath vs Saracens|Jan-30-2018|2020/2021
150|167|198|2|1.2151484491792597|CHL-ARS|Chelsea vs Arsenal|5-May-2018|2020/2021
151|253|15|2|92.71153476082739|F1-SILV|Silverstone|30-Jan-2018|2020/2021
152|309|176|5|16.556318533356094|BTH-SRC|Bath vs Saracens|Jan-30-2018|2020/2021
153|294|176|2|59.14317408753574|CHL-ARS|Chelsea vs Arsenal|5-May-2018|2020/2021
154|276|110|2|43.44901659141029|BTH-SRC|Bath vs Saracens|Jan-30-2018|2020/2021
155|94|196|1|12.230194467265|CHL-ARS|Chelsea vs Arsenal|5-May-2018|2020/2021
156|149|151|5|50.24775189606374|BTH-SRC|Bath vs Saracens|Jan-30-2018|2020/2021
157|305|34|1|15.108575311811235|BTH-SRC|Bath vs Saracens|Jan-30-2018|2020/2021
158|223|31|3|37.9175240225998|BTH-SRC|Bath vs Saracens|Jan-30-2018|2020/2021
159|333|116|4|31.649703986835796|CHL-ARS|Chelsea vs Arsenal|5-May-2018|2020/2021
160|256|34|2|24.69782027346803|CHL-ARS|Chelsea vs Arsenal|5-May-2018|2020/2021
161|126|138|2|31.443093309487036|BTH-SRC|Bath vs Saracens|Jan-30-2018|2020/2021
162|275|21|3|26.479590586024315|CHL-ARS|Chelsea vs Arsenal|5-May-2018|2020/2021
163|276|95|3|30.148114504012145|BTH-SRC|Bath vs Saracens|Jan-30-2018|2020/2021
164|211|182|3|61.82731380661075|F1-SILV|Silverstone|30-Jan-2018|2020/2021
165|15|63|1|68.77898345267775|CHL-ARS|Chelsea vs Arsenal|5-May-2018|2020/2021
166|329|52|2|61.47953458259089|CHL-ARS|Chelsea vs Arsenal|5-May-2018|2020/2021
167|249|29|1|28.311093323826874|F1-SILV|Silverstone|30-Jan-2018|2020/2021
168|336|124|1|54.696963960869724|BTH-SRC|Bath vs Saracens|Jan-30-2018|2020/2021
169|327|8|2|97.29027648866733|F1-SILV|Silverstone|30-Jan-2018|2020/2021
170|387|4|4|92.85386901942559|BTH-SRC|Bath vs Saracens|Jan-30-2018|2020/2021
171|352|44|4|94.95482416396686|F1-SILV|Silverstone|30-Jan-2018|2020/2021
172|316|96|2|79.57552695773775|F1-SILV|Silverstone|30-Jan-2018|2020/2021
173|273|174|3|17.45605727803633|CHL-ARS|Chelsea vs Arsenal|5-May-2018|2020/2021
174|323|139|1|75.57200684837684|CHL-ARS|Chelsea vs Arsenal|5-May-2018|2020/2021
175|369|25|4|85.39748262559316|BTH-SRC|Bath vs Saracens|Jan-30-2018|2020/2021
176|81|107|2|34.18793253774115|F1-SILV|Silverstone|30-Jan-2018|2020/2021
177|273|115|3|43.40528420950874|BTH-SRC|Bath vs Saracens|Jan-30-2018|2020/2021
178|195|40|1|9.855052131018983|BTH-SRC|Bath vs Saracens|Jan-30-2018|2020/2021
179|388|101|5|10.646445085143174|BTH-SRC|Bath vs Saracens|Jan-30-2018|2020/2021
180|307|152|1|91.95980473224425|F1-SILV|Silverstone|30-Jan-2018|2020/2021
181|295|133|2|33.05590117529691|BTH-SRC|Bath vs Saracens|Jan-30-2018|2020/2021
182|140|45|2|82.56182741033025|CHL-ARS|Chelsea vs Arsenal|5-May-2018|2020/2021
183|134|114|2|82.55774483537931|F1-SILV|Silverstone|30-Jan-2018|2020/2021
184|254|19|3|64.7129848430109|CHL-ARS|Chelsea vs Arsenal|5-May-2018|2020/2021
185|302|172|4|55.92557726102785|CHL-ARS|Chelsea vs Arsenal|5-May-2018|2020/2021
186|30|185|3|5.837545559850699|BTH-SRC|Bath vs Saracens|Jan-30-2018|2020/2021
187|145|162|3|95.33839123499423|CHL-ARS|Chelsea vs Arsenal|5-May-2018|2020/2021
188|219|132|2|28.822945903472952|F1-SILV|Silverstone|30-Jan-2018|2020/2021
189|91|74|2|48.292332618957204|CHL-ARS|Chelsea vs Arsenal|5-May-2018|2020/2021
190|59|52|2|13.662427143562306|BTH-SRC|Bath vs Saracens|Jan-30-2018|2020/2021
191|85|8|1|36.50258600281644|F1-SILV|Silverstone|30-Jan-2018|2020/2021
192|7|64|2|80.2082431206188|F1-SILV|Silverstone|30-Jan-2018|2020/2021
193|128|152|2|57.81386924087803|BTH-SRC|Bath vs Saracens|Jan-30-2018|2020/2021
194|251|169|1|1.6071101910678731|BTH-SRC|Bath vs Saracens|Jan-30-2018|2020/2021
195|90|104|4|68.54819172768204|CHL-ARS|Chelsea vs Arsenal|5-May-2018|2020/2021
196|295|76|2|39.24027165470416|F1-SILV|Silverstone|30-Jan-2018|2020/2021
197|42|172|5|54.652515377859125|CHL-ARS|Chelsea vs Arsenal|5-May-2018|2020/2021
198|284|171|5|15.200321108895242|BTH-SRC|Bath vs Saracens|Jan-30-2018|2020/2021
199|35|41|4|90.17042800569988|CHL-ARS|Chelsea vs Arsenal|5-May-2018|2020/2021
200|4|59|5|31.83319347815461|CHL-ARS|Chelsea vs Arsenal|5-May-2018|2020/2021
201|341|199|4|53.716739477495125|BTH-SRC|Bath vs Saracens|Jan-30-2018|2020/2021
202|361|161|4|86.87896286751374|CHL-ARS|Chelsea vs Arsenal|5-May-2018|2020/2021
203|12|2|2|28.36277184207534|F1-SILV|Silverstone|30-Jan-2018|2020/2021
204|182|150|2|94.18951125846378|F1-SILV|Silverstone|30-Jan-2018|2020/2021
205|11|4|4|70.58380641362207|F1-SILV|Silverstone|30-Jan-2018|2020/2021
206|20|116|4|6.448583146752385|BTH-SRC|Bath vs Saracens|Jan-30-2018|2020/2021
207|342|180|5|25.153245281612858|F1-SILV|Silverstone|30-Jan-2018|2020/2021
208|55|31|5|68.66736526232376|CHL-ARS|Chelsea vs Arsenal|5-May-2018|2020/2021
209|45|47|5|11.143004159598336|F1-SILV|Silverstone|30-Jan-2018|2020/2021
210|296|177|1|85.19614923010901|F1-SILV|Silverstone|30-Jan-2018|2020/2021
211|371|189|2|66.65497740979475|F1-SILV|Silverstone|30-Jan-2018|2020/2021
212|29|68|1|53.27244942584115|CHL-ARS|Chelsea vs Arsenal|5-May-2018|2020/2021
213|387|179|5|13.10400189592923|CHL-ARS|Chelsea vs Arsenal|5-May-2018|2020/2021
214|202|114|4|38.77081282319932|BTH-SRC|Bath vs Saracens|Jan-30-2018|2020/2021
215|274|90|2|63.35236085316258|CHL-ARS|Chelsea vs Arsenal|5-May-2018|2020/2021
216|181|190|3|93.28512893948842|BTH-SRC|Bath vs Saracens|Jan-30-2018|2020/2021
217|1|182|5|81.79752205821367|F1-SILV|Silverstone|30-Jan-2018|2020/2021
218|86|143|4|86.16809270829334|BTH-SRC|Bath vs Saracens|Jan-30-2018|2020/2021
219|354|169|5|79.16232959062947|CHL-ARS|Chelsea vs Arsenal|5-May-2018|2020/2021
220|322|69|2|3.3886742403394954|BTH-SRC|Bath vs Saracens|Jan-30-2018|2020/2021
221|110|157|2|83.10408861639769|BTH-SRC|Bath vs Saracens|Jan-30-2018|2020/2021
222|35|198|5|82.0452532985691|CHL-ARS|Chelsea vs Arsenal|5-May-2018|2020/2021
223|134|159|2|60.303636342679226|CHL-ARS|Chelsea vs Arsenal|5-May-2018|2020/2021
224|303|125|3|6.5017755746696215|CHL-ARS|Chelsea vs Arsenal|5-May-2018|2020/2021
225|136|104|3|27.85989957747509|CHL-ARS|Chelsea vs Arsenal|5-May-2018|2020/2021
226|57|101|2|79.09317569481807|CHL-ARS|Chelsea vs Arsenal|5-May-2018|2020/2021
227|205|10|5|96.5382509588809|F1-SILV|Silverstone|30-Jan-2018|2020/2021
228|36|62|2|69.92803787136117|F1-SILV|Silverstone|30-Jan-2018|2020/2021
229|132|60|3|79.47276823459842|BTH-SRC|Bath vs Saracens|Jan-30-2018|2020/2021
230|76|47|2|8.998185540417115|CHL-ARS|Chelsea vs Arsenal|5-May-2018|2020/2021
231|191|157|5|17.080419746531216|CHL-ARS|Chelsea vs Arsenal|5-May-2018|2020/2021
232|293|147|5|38.601942860969274|BTH-SRC|Bath vs Saracens|Jan-30-2018|2020/2021
233|149|130|3|45.031205977747554|CHL-ARS|Chelsea vs Arsenal|5-May-2018|2020/2021
234|200|141|5|72.45138033201474|BTH-SRC|Bath vs Saracens|Jan-30-2018|2020/2021
235|370|14|2|72.98844970808096|F1-SILV|Silverstone|30-Jan-2018|2020/2021
236|235|98|5|39.23569935756076|F1-SILV|Silverstone|30-Jan-2018|2020/2021
237|280|75|4|7.5739096421868375|F1-SILV|Silverstone|30-Jan-2018|2020/2021
238|343|188|2|85.74007566705401|BTH-SRC|Bath vs Saracens|Jan-30-2018|2020/2021
239|380|88|1|5.891665250042887|F1-SILV|Silverstone|30-Jan-2018|2020/2021
240|316|133|5|90.01277539897512|F1-SILV|Silverstone|30-Jan-2018|2020/2021
241|41|111|2|28.897629081922926|BTH-SRC|Bath vs Saracens|Jan-30-2018|2020/2021
242|145|72|4|80.27175851567496|CHL-ARS|Chelsea vs Arsenal|5-May-2018|2020/2021
243|124|36|4|88.57094872065218|F1-SILV|Silverstone|30-Jan-2018|2020/2021
244|206|151|2|78.66293445092496|CHL-ARS|Chelsea vs Arsenal|5-May-2018|2020/2021
245|378|49|4|20.964218419889846|F1-SILV|Silverstone|30-Jan-2018|2020/2021
246|44|150|5|86.0786759689225|F1-SILV|Silverstone|30-Jan-2018|2020/2021
247|352|80|5|11.606592061318722|BTH-SRC|Bath vs Saracens|Jan-30-2018|2020/2021
248|122|59|1|16.349980189199098|BTH-SRC|Bath vs Saracens|Jan-30-2018|2020/2021
249|376|164|3|28.339686891067572|CHL-ARS|Chelsea vs Arsenal|5-May-2018|2020/2021
250|40|18|2|71.96017001404527|F1-SILV|Silverstone|30-Jan-2018|2020/2021
251|111|119|3|83.41871949979588|F1-SILV|Silverstone|30-Jan-2018|2020/2021
252|168|172|1|65.6369020356932|F1-SILV|Silverstone|30-Jan-2018|2020/2021
253|207|196|5|67.20578122567062|F1-SILV|Silverstone|30-Jan-2018|2020/2021
254|237|180|1|45.035482728321576|CHL-ARS|Chelsea vs Arsenal|5-May-2018|2020/2021
255|297|108|3|70.2275464261355|BTH-SRC|Bath vs Saracens|Jan-30-2018|2020/2021
256|74|81|3|25.798769656569988|F1-SILV|Silverstone|30-Jan-2018|2020/2021
257|58|169|2|0.3836203070516908|F1-SILV|Silverstone|30-Jan-2018|2020/2021
258|212|108|4|11.831763652557825|BTH-SRC|Bath vs Saracens|Jan-30-2018|2020/2021
259|378|108|1|98.98650044924486|F1-SILV|Silverstone|30-Jan-2018|2020/2021
260|289|42|2|13.224401308107037|F1-SILV|Silverstone|30-Jan-2018|2020/2021
261|139|65|1|57.3821062649617|F1-SILV|Silverstone|30-Jan-2018|2020/2021
262|188|76|2|90.19213004131002|BTH-SRC|Bath vs Saracens|Jan-30-2018|2020/2021
263|6|89|3|19.155615518744927|CHL-ARS|Chelsea vs Arsenal|5-May-2018|2020/2021
264|327|195|2|97.22501915603864|BTH-SRC|Bath vs Saracens|Jan-30-2018|2020/2021
265|283|170|3|71.09334152231614|CHL-ARS|Chelsea vs Arsenal|5-May-2018|2020/2021
266|167|69|2|22.68013448841293|BTH-SRC|Bath vs Saracens|Jan-30-2018|2020/2021
267|138|94|4|73.76773416204942|BTH-SRC|Bath vs Saracens|Jan-30-2018|2020/2021
268|161|3|3|15.491045914585866|F1-SILV|Silverstone|30-Jan-2018|2020/2021
269|133|117|1|31.748760404819055|F1-SILV|Silverstone|30-Jan-2018|2020/2021
270|204|4|3|36.606844937451136|F1-SILV|Silverstone|30-Jan-2018|2020/2021
271|340|182|3|39.635092832244545|F1-SILV|Silverstone|30-Jan-2018|2020/2021
272|353|195|1|47.85079142732577|BTH-SRC|Bath vs Saracens|Jan-30-2018|2020/2021
273|171|50|5|46.905459939816716|CHL-ARS|Chelsea vs Arsenal|5-May-2018|2020/2021
274|205|68|4|19.979125215478323|BTH-SRC|Bath vs Saracens|Jan-30-2018|2020/2021
275|107|98|4|50.55377486332785|CHL-ARS|Chelsea vs Arsenal|5-May-2018|2020/2021
276|393|129|3|30.90819509038274|F1-SILV|Silverstone|30-Jan-2018|2020/2021
277|11|25|3|89.66539308338609|BTH-SRC|Bath vs Saracens|Jan-30-2018|2020/2021
278|385|99|1|95.09620899136263|BTH-SRC|Bath vs Saracens|Jan-30-2018|2020/2021
279|352|57|5|25.1472579150411|BTH-SRC|Bath vs Saracens|Jan-30-2018|2020/2021
280|392|58|2|92.60407599062016|BTH-SRC|Bath vs Saracens|Jan-30-2018|2020/2021
281|327|68|1|83.39742357010377|CHL-ARS|Chelsea vs Arsenal|5-May-2018|2020/2021
282|137|133|1|10.837833002559305|BTH-SRC|Bath vs Saracens|Jan-30-2018|2020/2021
283|228|115|3|89.14927533219236|CHL-ARS|Chelsea vs Arsenal|5-May-2018|2020/2021
284|208|96|1|63.628342450442254|CHL-ARS|Chelsea vs Arsenal|5-May-2018|2020/2021
285|2|16|1|82.97296287349039|BTH-SRC|Bath vs Saracens|Jan-30-2018|2020/2021
286|3|101|4|81.33280797530863|CHL-ARS|Chelsea vs Arsenal|5-May-2018|2020/2021
287|254|127|5|98.0536613307967|CHL-ARS|Chelsea vs Arsenal|5-May-2018|2020/2021
288|97|78|1|59.073555392429036|BTH-SRC|Bath vs Saracens|Jan-30-2018|2020/2021
289|340|112|1|22.92362056495698|CHL-ARS|Chelsea vs Arsenal|5-May-2018|2020/2021
290|275|44|2|86.1743043333068|CHL-ARS|Chelsea vs Arsenal|5-May-2018|2020/2021
291|139|106|5|32.02787092007355|BTH-SRC|Bath vs Saracens|Jan-30-2018|2020/2021
292|42|92|5|38.051970035589434|F1-SILV|Silverstone|30-Jan-2018|2020/2021
293|37|90|2|92.6408405681057|CHL-ARS|Chelsea vs Arsenal|5-May-2018|2020/2021
294|19|85|4|55.0539489940449|CHL-ARS|Chelsea vs Arsenal|5-May-2018|2020/2021
295|81|127|1|34.54729119506236|CHL-ARS|Chelsea vs Arsenal|5-May-2018|2020/2021
296|101|135|1|84.29717710345876|CHL-ARS|Chelsea vs Arsenal|5-May-2018|2020/2021
297|344|126|5|35.60207596070061|CHL-ARS|Chelsea vs Arsenal|5-May-2018|2020/2021
298|193|76|4|5.247841647535911|F1-SILV|Silverstone|30-Jan-2018|2020/2021
299|25|150|2|7.133222458641142|F1-SILV|Silverstone|30-Jan-2018|2020/2021
300|224|89|3|35.746419155590026|CHL-ARS|Chelsea vs Arsenal|5-May-2018|2020/2021
301|69|183|2|76.5596527810876|BTH-SRC|Bath vs Saracens|Jan-30-2018|2020/2021
302|320|75|3|57.82002544498677|F1-SILV|Silverstone|30-Jan-2018|2020/2021
303|185|13|4|36.17016802869934|CHL-ARS|Chelsea vs Arsenal|5-May-2018|2020/2021
304|272|50|1|75.14744971826563|F1-SILV|Silverstone|30-Jan-2018|2020/2021
305|60|52|4|99.39296227658858|BTH-SRC|Bath vs Saracens|Jan-30-2018|2020/2021
306|127|186|1|42.57727298679207|F1-SILV|Silverstone|30-Jan-2018|2020/2021
307|297|176|5|65.49542799521319|CHL-ARS|Chelsea vs Arsenal|5-May-2018|2020/2021
308|367|138|3|66.25864348735156|F1-SILV|Silverstone|30-Jan-2018|2020/2021
309|319|140|4|57.80044009701641|CHL-ARS|Chelsea vs Arsenal|5-May-2018|2020/2021
310|318|193|3|44.93210850210284|BTH-SRC|Bath vs Saracens|Jan-30-2018|2020/2021
311|358|150|5|30.845266796266724|F1-SILV|Silverstone|30-Jan-2018|2020/2021
312|15|97|2|71.14343534378558|F1-SILV|Silverstone|30-Jan-2018|2020/2021
313|277|55|1|24.69538588701482|BTH-SRC|Bath vs Saracens|Jan-30-2018|2020/2021
314|193|177|4|30.67221826520794|CHL-ARS|Chelsea vs Arsenal|5-May-2018|2020/2021
315|113|110|2|85.77435641529554|BTH-SRC|Bath vs Saracens|Jan-30-2018|2020/2021
316|244|98|5|28.055987414184212|BTH-SRC|Bath vs Saracens|Jan-30-2018|2020/2021
317|130|12|3|2.3059662380704227|BTH-SRC|Bath vs Saracens|Jan-30-2018|2020/2021
318|222|116|1|45.50946542412753|CHL-ARS|Chelsea vs Arsenal|5-May-2018|2020/2021
319|389|27|1|65.92388455130059|CHL-ARS|Chelsea vs Arsenal|5-May-2018|2020/2021
320|322|2|3|84.81812858128919|F1-SILV|Silverstone|30-Jan-2018|2020/2021
321|1|68|3|7.4483816539126835|CHL-ARS|Chelsea vs Arsenal|5-May-2018|2020/2021
322|74|104|4|74.5586974957079|F1-SILV|Silverstone|30-Jan-2018|2020/2021
323|273|108|5|8.168971062478747|F1-SILV|Silverstone|30-Jan-2018|2020/2021
324|215|180|1|58.63679335525445|CHL-ARS|Chelsea vs Arsenal|5-May-2018|2020/2021
325|246|133|5|47.57973804363457|BTH-SRC|Bath vs Saracens|Jan-30-2018|2020/2021
326|299|146|3|72.2226197852492|BTH-SRC|Bath vs Saracens|Jan-30-2018|2020/2021
327|148|190|4|61.20295481915014|F1-SILV|Silverstone|30-Jan-2018|2020/2021
328|98|87|5|52.87259784003275|F1-SILV|Silverstone|30-Jan-2018|2020/2021
329|90|31|1|69.37019931826669|CHL-ARS|Chelsea vs Arsenal|5-May-2018|2020/2021
330|143|28|3|97.00653468157745|BTH-SRC|Bath vs Saracens|Jan-30-2018|2020/2021
331|367|113|5|96.13611589203194|BTH-SRC|Bath vs Saracens|Jan-30-2018|2020/2021
332|82|9|5|30.38209774201369|BTH-SRC|Bath vs Saracens|Jan-30-2018|2020/2021
333|26|69|1|43.466361228855796|CHL-ARS|Chelsea vs Arsenal|5-May-2018|2020/2021
334|356|55|4|97.29783275350262|F1-SILV|Silverstone|30-Jan-2018|2020/2021
335|208|89|1|96.78851123688466|F1-SILV|Silverstone|30-Jan-2018|2020/2021
336|306|97|2|73.35905115643124|BTH-SRC|Bath vs Saracens|Jan-30-2018|2020/2021
337|132|9|5|8.170129398412119|BTH-SRC|Bath vs Saracens|Jan-30-2018|2020/2021
338|171|44|1|59.411212583407114|F1-SILV|Silverstone|30-Jan-2018|2020/2021
339|335|188|5|28.614044213237598|F1-SILV|Silverstone|30-Jan-2018|2020/2021
340|119|106|2|87.60270282174548|CHL-ARS|Chelsea vs Arsenal|5-May-2018|2020/2021
341|26|163|2|72.69825401305293|F1-SILV|Silverstone|30-Jan-2018|2020/2021
342|117|174|2|51.49919596463881|BTH-SRC|Bath vs Saracens|Jan-30-2018|2020/2021
343|370|55|3|10.33208127444305|BTH-SRC|Bath vs Saracens|Jan-30-2018|2020/2021
344|81|140|1|61.8906425913508|F1-SILV|Silverstone|30-Jan-2018|2020/2021
345|290|23|5|19.17295555533165|BTH-SRC|Bath vs Saracens|Jan-30-2018|2020/2021
346|149|88|1|82.17315465201635|CHL-ARS|Chelsea vs Arsenal|5-May-2018|2020/2021
347|136|148|3|38.182184523855355|BTH-SRC|Bath vs Saracens|Jan-30-2018|2020/2021
348|66|3|5|87.23269638365238|BTH-SRC|Bath vs Saracens|Jan-30-2018|2020/2021
349|242|83|4|39.788246387960534|CHL-ARS|Chelsea vs Arsenal|5-May-2018|2020/2021
350|56|193|1|43.94193948472588|BTH-SRC|Bath vs Saracens|Jan-30-2018|2020/2021
351|113|130|4|17.4611832068174|BTH-SRC|Bath vs Saracens|Jan-30-2018|2020/2021
352|263|117|1|90.62546608850208|BTH-SRC|Bath vs Saracens|Jan-30-2018|2020/2021
353|211|40|4|58.49720688049591|F1-SILV|Silverstone|30-Jan-2018|2020/2021
354|107|170|1|54.41492892828573|F1-SILV|Silverstone|30-Jan-2018|2020/2021
355|220|33|5|18.894469381517897|CHL-ARS|Chelsea vs Arsenal|5-May-2018|2020/2021
356|32|26|1|90.19204923053007|BTH-SRC|Bath vs Saracens|Jan-30-2018|2020/2021
357|189|58|3|38.088706397041314|BTH-SRC|Bath vs Saracens|Jan-30-2018|2020/2021
358|175|185|1|60.88790824980342|BTH-SRC|Bath vs Saracens|Jan-30-2018|2020/2021
359|139|83|3|38.49105335924935|BTH-SRC|Bath vs Saracens|Jan-30-2018|2020/2021
360|287|1|3|79.8182947236826|BTH-SRC|Bath vs Saracens|Jan-30-2018|2020/2021
361|205|184|3|84.38120858790113|BTH-SRC|Bath vs Saracens|Jan-30-2018|2020/2021
362|382|122|3|91.02007740795476|CHL-ARS|Chelsea vs Arsenal|5-May-2018|2020/2021
363|258|21|5|19.015656212379174|F1-SILV|Silverstone|30-Jan-2018|2020/2021
364|241|9|1|73.2024299167495|F1-SILV|Silverstone|30-Jan-2018|2020/2021
365|48|37|2|98.29180960052287|F1-SILV|Silverstone|30-Jan-2018|2020/2021
366|305|74|1|8.100658846593944|CHL-ARS|Chelsea vs Arsenal|5-May-2018|2020/2021
367|351|30|4|82.14294865955625|CHL-ARS|Chelsea vs Arsenal|5-May-2018|2020/2021
368|270|44|1|62.508202882282724|F1-SILV|Silverstone|30-Jan-2018|2020/2021
369|255|8|3|64.44587808751191|CHL-ARS|Chelsea vs Arsenal|5-May-2018|2020/2021
370|34|136|3|73.70355351601857|F1-SILV|Silverstone|30-Jan-2018|2020/2021
371|373|63|4|84.0132603897489|CHL-ARS|Chelsea vs Arsenal|5-May-2018|2020/2021
372|107|141|1|2.3759774194896277|F1-SILV|Silverstone|30-Jan-2018|2020/2021
373|334|43|5|67.17753365679201|BTH-SRC|Bath vs Saracens|Jan-30-2018|2020/2021
374|252|181|1|87.81133010696422|F1-SILV|Silverstone|30-Jan-2018|2020/2021
375|346|23|4|48.91082456847633|BTH-SRC|Bath vs Saracens|Jan-30-2018|2020/2021
376|30|148|3|94.7528757382642|CHL-ARS|Chelsea vs Arsenal|5-May-2018|2020/2021
377|49|180|5|6.096774288475848|F1-SILV|Silverstone|30-Jan-2018|2020/2021
378|265|192|2|66.4718782980402|CHL-ARS|Chelsea vs Arsenal|5-May-2018|2020/2021
379|36|11|2|61.55518444254534|BTH-SRC|Bath vs Saracens|Jan-30-2018|2020/2021
380|78|178|1|84.86521348279354|CHL-ARS|Chelsea vs Arsenal|5-May-2018|2020/2021
381|7|159|2|15.264264350932134|CHL-ARS|Chelsea vs Arsenal|5-May-2018|2020/2021
382|203|186|4|49.01758347319699|CHL-ARS|Chelsea vs Arsenal|5-May-2018|2020/2021
383|88|46|4|51.677051165914456|CHL-ARS|Chelsea vs Arsenal|5-May-2018|2020/2021
384|295|75|2|77.77274178352488|BTH-SRC|Bath vs Saracens|Jan-30-2018|2020/2021
385|352|58|1|7.905798819852072|CHL-ARS|Chelsea vs Arsenal|5-May-2018|2020/2021
386|333|118|5|48.88212204677773|BTH-SRC|Bath vs Saracens|Jan-30-2018|2020/2021
387|391|97|4|13.446725795903713|F1-SILV|Silverstone|30-Jan-2018|2020/2021
388|333|71|1|1.7303452556177934|BTH-SRC|Bath vs Saracens|Jan-30-2018|2020/2021
389|38|40|3|52.49114183774799|F1-SILV|Silverstone|30-Jan-2018|2020/2021
390|43|17|1|57.53374364159913|BTH-SRC|Bath vs Saracens|Jan-30-2018|2020/2021
391|64|2|3|80.96488714980607|CHL-ARS|Chelsea vs Arsenal|5-May-2018|2020/2021
392|147|52|4|1.5653405618732075|F1-SILV|Silverstone|30-Jan-2018|2020/2021
393|242|127|1|71.22659729494029|CHL-ARS|Chelsea vs Arsenal|5-May-2018|2020/2021
394|325|77|3|77.30033244744662|F1-SILV|Silverstone|30-Jan-2018|2020/2021
395|71|118|2|8.491738789072745|CHL-ARS|Chelsea vs Arsenal|5-May-2018|2020/2021
396|372|158|1|55.504147493332866|F1-SILV|Silverstone|30-Jan-2018|2020/2021
397|77|2|3|14.197772079610715|BTH-SRC|Bath vs Saracens|Jan-30-2018|2020/2021
398|147|110|4|67.7044999009222|BTH-SRC|Bath vs Saracens|Jan-30-2018|2020/2021
399|284|174|3|81.76101484742979|CHL-ARS|Chelsea vs Arsenal|5-May-2018|2020/2021
400|312|142|5|72.91057787524188|F1-SILV|Silverstone|30-Jan-2018|2020/2021
401|363|84|4|58.82009313414942|F1-SILV|Silverstone|30-Jan-2018|2020/2021
402|28|159|2|68.28476594795929|BTH-SRC|Bath vs Saracens|Jan-30-2018|2020/2021
403|333|136|4|85.7738172720441|F1-SILV|Silverstone|30-Jan-2018|2020/2021
404|268|50|5|92.83902398098843|CHL-ARS|Chelsea vs Arsenal|5-May-2018|2020/2021
405|336|79|1|66.13659551647807|BTH-SRC|Bath vs Saracens|Jan-30-2018|2020/2021
406|292|198|2|48.77973427535094|BTH-SRC|Bath vs Saracens|Jan-30-2018|2020/2021
407|393|98|4|71.81717230361454|F1-SILV|Silverstone|30-Jan-2018|2020/2021
408|244|173|1|5.672705074396445|CHL-ARS|Chelsea vs Arsenal|5-May-2018|2020/2021
409|74|155|3|44.80050994444722|BTH-SRC|Bath vs Saracens|Jan-30-2018|2020/2021
410|40|96|3|90.15456240084885|F1-SILV|Silverstone|30-Jan-2018|2020/2021
411|294|173|1|55.71822934487641|F1-SILV|Silverstone|30-Jan-2018|2020/2021
412|236|60|2|71.12608007457655|F1-SILV|Silverstone|30-Jan-2018|2020/2021
413|186|16|3|89.4235740957761|CHL-ARS|Chelsea vs Arsenal|5-May-2018|2020/2021
414|64|166|2|6.321854005600436|BTH-SRC|Bath vs Saracens|Jan-30-2018|2020/2021
415|38|122|5|89.54106026526763|CHL-ARS|Chelsea vs Arsenal|5-May-2018|2020/2021
416|74|152|2|13.468316517006718|CHL-ARS|Chelsea vs Arsenal|5-May-2018|2020/2021
417|198|177|4|30.5352356117792|CHL-ARS|Chelsea vs Arsenal|5-May-2018|2020/2021
418|255|145|1|37.12158873925666|CHL-ARS|Chelsea vs Arsenal|5-May-2018|2020/2021
419|152|30|3|42.364492807404986|CHL-ARS|Chelsea vs Arsenal|5-May-2018|2020/2021
420|239|195|2|9.994614963014225|BTH-SRC|Bath vs Saracens|Jan-30-2018|2020/2021
421|359|102|1|99.16357494848114|CHL-ARS|Chelsea vs Arsenal|5-May-2018|2020/2021
422|106|43|1|4.537213370311877|CHL-ARS|Chelsea vs Arsenal|5-May-2018|2020/2021
423|200|56|2|53.803695788273174|F1-SILV|Silverstone|30-Jan-2018|2020/2021
424|274|40|5|73.40735782537794|F1-SILV|Silverstone|30-Jan-2018|2020/2021
425|241|27|2|79.3773204965124|BTH-SRC|Bath vs Saracens|Jan-30-2018|2020/2021
426|88|173|1|86.44108342646155|F1-SILV|Silverstone|30-Jan-2018|2020/2021
427|3|194|5|49.65112154367548|BTH-SRC|Bath vs Saracens|Jan-30-2018|2020/2021
428|345|47|2|38.91902006894627|CHL-ARS|Chelsea vs Arsenal|5-May-2018|2020/2021
429|250|34|2|1.3137203464792746|CHL-ARS|Chelsea vs Arsenal|5-May-2018|2020/2021
430|116|21|2|18.422287020371474|F1-SILV|Silverstone|30-Jan-2018|2020/2021
431|344|9|4|1.8952389535825565|CHL-ARS|Chelsea vs Arsenal|5-May-2018|2020/2021
432|90|134|3|93.8146969012537|CHL-ARS|Chelsea vs Arsenal|5-May-2018|2020/2021
433|231|48|3|68.27340911354362|F1-SILV|Silverstone|30-Jan-2018|2020/2021
434|312|166|1|21.517842390803132|F1-SILV|Silverstone|30-Jan-2018|2020/2021
435|234|27|5|37.23299952028351|F1-SILV|Silverstone|30-Jan-2018|2020/2021
436|208|142|1|74.9965402063868|CHL-ARS|Chelsea vs Arsenal|5-May-2018|2020/2021
437|60|58|5|65.22444605149882|CHL-ARS|Chelsea vs Arsenal|5-May-2018|2020/2021
438|320|71|3|27.48954540332963|F1-SILV|Silverstone|30-Jan-2018|2020/2021
439|161|132|5|58.64075691663947|CHL-ARS|Chelsea vs Arsenal|5-May-2018|2020/2021
440|341|133|1|73.20313991093066|F1-SILV|Silverstone|30-Jan-2018|2020/2021
441|357|163|2|75.90171541864589|CHL-ARS|Chelsea vs Arsenal|5-May-2018|2020/2021
442|254|51|3|66.26968727637721|CHL-ARS|Chelsea vs Arsenal|5-May-2018|2020/2021
443|268|188|3|8.318106348213561|BTH-SRC|Bath vs Saracens|Jan-30-2018|2020/2021
444|235|100|2|55.61592740023985|CHL-ARS|Chelsea vs Arsenal|5-May-2018|2020/2021
445|16|61|2|75.61209418177936|F1-SILV|Silverstone|30-Jan-2018|2020/2021
446|2|114|4|86.71844532212674|CHL-ARS|Chelsea vs Arsenal|5-May-2018|2020/2021
447|114|199|4|41.62210312244733|CHL-ARS|Chelsea vs Arsenal|5-May-2018|2020/2021
448|217|112|2|55.6036576383285|F1-SILV|Silverstone|30-Jan-2018|2020/2021
449|178|138|1|18.089705603915995|BTH-SRC|Bath vs Saracens|Jan-30-2018|2020/2021
450|316|133|1|11.145222027371682|CHL-ARS|Chelsea vs Arsenal|5-May-2018|2020/2021
451|280|4|2|18.33980268150368|F1-SILV|Silverstone|30-Jan-2018|2020/2021
452|302|3|3|19.126726742653112|CHL-ARS|Chelsea vs Arsenal|5-May-2018|2020/2021
453|304|150|5|73.2637908229896|CHL-ARS|Chelsea vs Arsenal|5-May-2018|2020/2021
454|260|53|2|15.87655932646771|BTH-SRC|Bath vs Saracens|Jan-30-2018|2020/2021
455|158|129|4|38.46789364337404|F1-SILV|Silverstone|30-Jan-2018|2020/2021
456|20|163|5|89.89022967942648|BTH-SRC|Bath vs Saracens|Jan-30-2018|2020/2021
457|200|2|4|76.46757227379615|BTH-SRC|Bath vs Saracens|Jan-30-2018|2020/2021
458|362|25|1|15.655744767503176|BTH-SRC|Bath vs Saracens|Jan-30-2018|2020/2021
459|29|125|5|31.318788938928645|BTH-SRC|Bath vs Saracens|Jan-30-2018|2020/2021
460|104|39|3|62.29270788066835|F1-SILV|Silverstone|30-Jan-2018|2020/2021
461|72|134|3|69.71607868815411|CHL-ARS|Chelsea vs Arsenal|5-May-2018|2020/2021
462|69|183|4|59.63933102745778|F1-SILV|Silverstone|30-Jan-2018|2020/2021
463|385|97|5|34.23963145446457|F1-SILV|Silverstone|30-Jan-2018|2020/2021
464|14|140|2|0.18621078047424966|F1-SILV|Silverstone|30-Jan-2018|2020/2021
465|58|135|2|71.60119539482645|BTH-SRC|Bath vs Saracens|Jan-30-2018|2020/2021
466|228|89|5|97.14146265490675|CHL-ARS|Chelsea vs Arsenal|5-May-2018|2020/2021
467|146|127|5|9.53161062947071|CHL-ARS|Chelsea vs Arsenal|5-May-2018|2020/2021
468|75|158|1|80.00621493852529|CHL-ARS|Chelsea vs Arsenal|5-May-2018|2020/2021
469|295|16|5|63.17148473325568|CHL-ARS|Chelsea vs Arsenal|5-May-2018|2020/2021
470|223|147|2|8.193437102210954|CHL-ARS|Chelsea vs Arsenal|5-May-2018|2020/2021
471|95|150|2|87.82674912121763|BTH-SRC|Bath vs Saracens|Jan-30-2018|2020/2021
472|14|195|3|3.078894340963978|BTH-SRC|Bath vs Saracens|Jan-30-2018|2020/2021
473|351|66|3|69.84789925347873|F1-SILV|Silverstone|30-Jan-2018|2020/2021
474|329|77|3|51.02224066033306|F1-SILV|Silverstone|30-Jan-2018|2020/2021
475|352|57|2|87.39676687769764|F1-SILV|Silverstone|30-Jan-2018|2020/2021
476|154|8|3|2.88829445240687|F1-SILV|Silverstone|30-Jan-2018|2020/2021
477|348|48|2|83.81838856408731|CHL-ARS|Chelsea vs Arsenal|5-May-2018|2020/2021
478|336|172|2|12.867560379150223|BTH-SRC|Bath vs Saracens|Jan-30-2018|2020/2021
479|290|77|2|14.74740864389078|BTH-SRC|Bath vs Saracens|Jan-30-2018|2020/2021
480|4|176|2|54.95658656886071|BTH-SRC|Bath vs Saracens|Jan-30-2018|2020/2021
481|365|101|2|42.80772419300165|BTH-SRC|Bath vs Saracens|Jan-30-2018|2020/2021
482|156|111|1|5.555008552894103|CHL-ARS|Chelsea vs Arsenal|5-May-2018|2020/2021
483|200|36|5|49.673694123342116|F1-SILV|Silverstone|30-Jan-2018|2020/2021
484|116|77|5|78.14644736432614|CHL-ARS|Chelsea vs Arsenal|5-May-2018|2020/2021
485|150|47|4|88.69686673290508|CHL-ARS|Chelsea vs Arsenal|5-May-2018|2020/2021
486|106|89|4|20.245567432484137|CHL-ARS|Chelsea vs Arsenal|5-May-2018|2020/2021
487|240|161|5|0.37082989487690066|BTH-SRC|Bath vs Saracens|Jan-30-2018|2020/2021
488|174|84|4|11.594880954368191|BTH-SRC|Bath vs Saracens|Jan-30-2018|2020/2021
489|253|74|1|53.046332870932375|F1-SILV|Silverstone|30-Jan-2018|2020/2021
490|58|194|4|3.740989072630241|F1-SILV|Silverstone|30-Jan-2018|2020/2021
491|199|187|2|90.88824347522943|BTH-SRC|Bath vs Saracens|Jan-30-2018|2020/2021
492|358|195|4|84.26905503614223|CHL-ARS|Chelsea vs Arsenal|5-May-2018|2020/2021
493|386|93|1|35.89660352264963|F1-SILV|Silverstone|30-Jan-2018|2020/2021
494|361|73|5|11.552920474509055|BTH-SRC|Bath vs Saracens|Jan-30-2018|2020/2021
495|137|1|3|97.05648969914135|BTH-SRC|Bath vs Saracens|Jan-30-2018|2020/2021
496|141|24|3|96.15931173363008|BTH-SRC|Bath vs Saracens|Jan-30-2018|2020/2021
497|221|49|2|5.339439151222902|F1-SILV|Silverstone|30-Jan-2018|2020/2021
498|299|8|4|67.74756431901596|CHL-ARS|Chelsea vs Arsenal|5-May-2018|2020/2021
499|285|188|2|87.62650309904132|CHL-ARS|Chelsea vs Arsenal|5-May-2018|2020/2021
500|224|21|3|14.564513557473646|F1-SILV|Silverstone|30-Jan-2018|2020/2021
501|367|95|2|31.73254429416793|F1-SILV|Silverstone|30-Jan-2018|2020/2021
502|324|129|4|25.35350510611787|BTH-SRC|Bath vs Saracens|Jan-30-2018|2020/2021
503|255|132|2|87.19515889427166|CHL-ARS|Chelsea vs Arsenal|5-May-2018|2020/2021
504|316|57|2|69.54938317471144|BTH-SRC|Bath vs Saracens|Jan-30-2018|2020/2021
505|214|8|5|50.03664799787185|F1-SILV|Silverstone|30-Jan-2018|2020/2021
506|211|76|5|23.64925250030806|BTH-SRC|Bath vs Saracens|Jan-30-2018|2020/2021
507|65|132|2|75.46695159800173|F1-SILV|Silverstone|30-Jan-2018|2020/2021
508|363|197|2|89.55109659568336|CHL-ARS|Chelsea vs Arsenal|5-May-2018|2020/2021
509|23|22|1|36.41219729772478|BTH-SRC|Bath vs Saracens|Jan-30-2018|2020/2021
510|378|79|5|82.69412149652456|CHL-ARS|Chelsea vs Arsenal|5-May-2018|2020/2021
511|362|93|5|86.921786135622|CHL-ARS|Chelsea vs Arsenal|5-May-2018|2020/2021
512|306|169|3|96.73524607265384|CHL-ARS|Chelsea vs Arsenal|5-May-2018|2020/2021
513|235|13|3|41.59222347294303|F1-SILV|Silverstone|30-Jan-2018|2020/2021
514|247|35|5|76.9314313919021|F1-SILV|Silverstone|30-Jan-2018|2020/2021
515|268|51|1|46.19743111671295|BTH-SRC|Bath vs Saracens|Jan-30-2018|2020/2021
516|333|95|2|83.85209864142332|CHL-ARS|Chelsea vs Arsenal|5-May-2018|2020/2021
517|95|167|2|42.99779495214011|BTH-SRC|Bath vs Saracens|Jan-30-2018|2020/2021
518|188|73|3|83.43924572091139|BTH-SRC|Bath vs Saracens|Jan-30-2018|2020/2021
519|288|159|1|27.90332015828603|BTH-SRC|Bath vs Saracens|Jan-30-2018|2020/2021
520|354|153|3|46.5583687240505|BTH-SRC|Bath vs Saracens|Jan-30-2018|2020/2021
521|269|88|1|26.846176931383837|CHL-ARS|Chelsea vs Arsenal|5-May-2018|2020/2021
522|6|135|3|0.2863483924846921|CHL-ARS|Chelsea vs Arsenal|5-May-2018|2020/2021
523|95|66|2|97.55732841633122|BTH-SRC|Bath vs Saracens|Jan-30-2018|2020/2021
524|167|84|3|58.62123444549873|BTH-SRC|Bath vs Saracens|Jan-30-2018|2020/2021
525|130|173|3|9.675836656174152|CHL-ARS|Chelsea vs Arsenal|5-May-2018|2020/2021
526|108|73|1|15.56223626991764|BTH-SRC|Bath vs Saracens|Jan-30-2018|2020/2021
527|110|60|3|97.38716012470725|CHL-ARS|Chelsea vs Arsenal|5-May-2018|2020/2021
528|292|103|2|6.825093061995968|BTH-SRC|Bath vs Saracens|Jan-30-2018|2020/2021
529|234|4|5|26.509764630777855|F1-SILV|Silverstone|30-Jan-2018|2020/2021
530|132|153|5|76.22023746979023|BTH-SRC|Bath vs Saracens|Jan-30-2018|2020/2021
531|253|164|2|93.49764960425968|BTH-SRC|Bath vs Saracens|Jan-30-2018|2020/2021
532|172|41|4|37.032924909295126|BTH-SRC|Bath vs Saracens|Jan-30-2018|2020/2021
533|96|67|4|3.521468074905265|BTH-SRC|Bath vs Saracens|Jan-30-2018|2020/2021
534|123|144|3|76.64286571053287|CHL-ARS|Chelsea vs Arsenal|5-May-2018|2020/2021
535|63|60|5|68.43203676864675|CHL-ARS|Chelsea vs Arsenal|5-May-2018|2020/2021
536|47|69|4|15.465029506619821|CHL-ARS|Chelsea vs Arsenal|5-May-2018|2020/2021
537|230|111|4|75.33396469827679|BTH-SRC|Bath vs Saracens|Jan-30-2018|2020/2021
538|117|45|3|65.00174317683545|BTH-SRC|Bath vs Saracens|Jan-30-2018|2020/2021
539|46|153|4|0.817179209102592|CHL-ARS|Chelsea vs Arsenal|5-May-2018|2020/2021
540|189|50|5|2.1619880908782085|CHL-ARS|Chelsea vs Arsenal|5-May-2018|2020/2021
541|171|22|2|83.19660977510078|BTH-SRC|Bath vs Saracens|Jan-30-2018|2020/2021
542|361|122|1|21.880079003257535|BTH-SRC|Bath vs Saracens|Jan-30-2018|2020/2021
543|20|38|5|89.83731188342695|F1-SILV|Silverstone|30-Jan-2018|2020/2021
544|316|45|1|90.06644409598553|F1-SILV|Silverstone|30-Jan-2018|2020/2021
545|20|106|4|95.35250679654675|F1-SILV|Silverstone|30-Jan-2018|2020/2021
546|81|105|2|14.477555671183161|BTH-SRC|Bath vs Saracens|Jan-30-2018|2020/2021
547|122|170|5|44.83133930586612|BTH-SRC|Bath vs Saracens|Jan-30-2018|2020/2021
548|293|154|1|3.689725719606951|CHL-ARS|Chelsea vs Arsenal|5-May-2018|2020/2021
549|44|33|1|22.222799634775804|CHL-ARS|Chelsea vs Arsenal|5-May-2018|2020/2021
550|73|107|1|66.93361808988907|F1-SILV|Silverstone|30-Jan-2018|2020/2021
551|8|6|3|64.60590895660255|F1-SILV|Silverstone|30-Jan-2018|2020/2021
552|196|122|4|63.42039806332556|F1-SILV|Silverstone|30-Jan-2018|2020/2021
553|30|159|2|37.46102086840949|F1-SILV|Silverstone|30-Jan-2018|2020/2021
554|118|185|5|39.42008800915438|BTH-SRC|Bath vs Saracens|Jan-30-2018|2020/2021
555|210|11|1|25.36253474421689|BTH-SRC|Bath vs Saracens|Jan-30-2018|2020/2021
556|145|6|5|98.08328365621792|CHL-ARS|Chelsea vs Arsenal|5-May-2018|2020/2021
557|108|146|1|90.37774244018028|BTH-SRC|Bath vs Saracens|Jan-30-2018|2020/2021
558|117|162|4|72.7912544897362|BTH-SRC|Bath vs Saracens|Jan-30-2018|2020/2021
559|213|33|4|42.049568251233495|F1-SILV|Silverstone|30-Jan-2018|2020/2021
560|381|92|5|69.13275385613427|F1-SILV|Silverstone|30-Jan-2018|2020/2021
561|140|83|4|0.5332952416036818|CHL-ARS|Chelsea vs Arsenal|5-May-2018|2020/2021
562|317|37|3|40.13059648874668|CHL-ARS|Chelsea vs Arsenal|5-May-2018|2020/2021
563|348|8|2|92.88212335175204|BTH-SRC|Bath vs Saracens|Jan-30-2018|2020/2021
564|307|120|3|41.40406234269391|F1-SILV|Silverstone|30-Jan-2018|2020/2021
565|394|54|4|81.05666449378464|CHL-ARS|Chelsea vs Arsenal|5-May-2018|2020/2021
566|75|132|1|91.74555724815691|F1-SILV|Silverstone|30-Jan-2018|2020/2021
567|346|72|3|25.594830241927692|F1-SILV|Silverstone|30-Jan-2018|2020/2021
568|357|10|4|90.86493058613304|CHL-ARS|Chelsea vs Arsenal|5-May-2018|2020/2021
569|295|106|4|53.97367164364187|CHL-ARS|Chelsea vs Arsenal|5-May-2018|2020/2021
570|364|199|4|2.233906890240256|CHL-ARS|Chelsea vs Arsenal|5-May-2018|2020/2021
571|247|97|4|92.90442305929056|F1-SILV|Silverstone|30-Jan-2018|2020/2021
572|209|8|1|42.518531614085916|F1-SILV|Silverstone|30-Jan-2018|2020/2021
573|150|193|4|93.12354052614826|CHL-ARS|Chelsea vs Arsenal|5-May-2018|2020/2021
574|313|148|2|97.66995449343973|CHL-ARS|Chelsea vs Arsenal|5-May-2018|2020/2021
575|225|70|2|77.20346636680556|CHL-ARS|Chelsea vs Arsenal|5-May-2018|2020/2021
576|77|177|3|93.77664787546144|CHL-ARS|Chelsea vs Arsenal|5-May-2018|2020/2021
577|16|21|1|51.96444517284281|BTH-SRC|Bath vs Saracens|Jan-30-2018|2020/2021
578|126|105|2|51.68910177601407|BTH-SRC|Bath vs Saracens|Jan-30-2018|2020/2021
579|275|146|2|56.43768287146932|F1-SILV|Silverstone|30-Jan-2018|2020/2021
580|240|88|4|70.01106890355456|CHL-ARS|Chelsea vs Arsenal|5-May-2018|2020/2021
581|50|31|3|82.16631247010238|CHL-ARS|Chelsea vs Arsenal|5-May-2018|2020/2021
582|254|172|4|2.6189995402030264|CHL-ARS|Chelsea vs Arsenal|5-May-2018|2020/2021
583|202|41|4|94.992523747112|BTH-SRC|Bath vs Saracens|Jan-30-2018|2020/2021
584|21|114|4|21.642637320413115|CHL-ARS|Chelsea vs Arsenal|5-May-2018|2020/2021
585|87|191|1|72.03209458477767|CHL-ARS|Chelsea vs Arsenal|5-May-2018|2020/2021
586|203|109|4|76.07133356076496|BTH-SRC|Bath vs Saracens|Jan-30-2018|2020/2021
587|311|192|3|24.530795302205732|BTH-SRC|Bath vs Saracens|Jan-30-2018|2020/2021
588|1|73|5|84.1171389260131|CHL-ARS|Chelsea vs Arsenal|5-May-2018|2020/2021
589|373|183|5|49.27369169427238|CHL-ARS|Chelsea vs Arsenal|5-May-2018|2020/2021
590|281|164|1|12.012707448303194|BTH-SRC|Bath vs Saracens|Jan-30-2018|2020/2021
591|337|25|3|3.890988862975453|F1-SILV|Silverstone|30-Jan-2018|2020/2021
592|214|27|2|3.0810850895041875|CHL-ARS|Chelsea vs Arsenal|5-May-2018|2020/2021
593|194|110|1|46.33888579792824|F1-SILV|Silverstone|30-Jan-2018|2020/2021
594|396|25|3|52.47720696359717|CHL-ARS|Chelsea vs Arsenal|5-May-2018|2020/2021
595|128|135|5|45.838246380141946|CHL-ARS|Chelsea vs Arsenal|5-May-2018|2020/2021
596|19|129|1|75.46188974790803|F1-SILV|Silverstone|30-Jan-2018|2020/2021
597|302|133|4|94.61472069905814|BTH-SRC|Bath vs Saracens|Jan-30-2018|2020/2021
598|180|123|2|86.75257216350894|F1-SILV|Silverstone|30-Jan-2018|2020/2021
599|286|193|3|4.350272163365809|F1-SILV|Silverstone|30-Jan-2018|2020/2021
600|69|175|4|57.21577297315802|F1-SILV|Silverstone|30-Jan-2018|2020/2021
601|209|120|5|14.098852225467152|CHL-ARS|Chelsea vs Arsenal|5-May-2018|2020/2021
602|41|54|1|86.5672049039146|CHL-ARS|Chelsea vs Arsenal|5-May-2018|2020/2021
603|305|77|4|50.115491668676135|CHL-ARS|Chelsea vs Arsenal|5-May-2018|2020/2021
604|213|137|2|0.3667104559107126|BTH-SRC|Bath vs Saracens|Jan-30-2018|2020/2021
605|327|45|5|84.35120226446776|BTH-SRC|Bath vs Saracens|Jan-30-2018|2020/2021
606|277|17|4|27.698727240768484|F1-SILV|Silverstone|30-Jan-2018|2020/2021
607|206|194|1|4.209263572392386|BTH-SRC|Bath vs Saracens|Jan-30-2018|2020/2021
608|289|37|5|46.82033399041278|F1-SILV|Silverstone|30-Jan-2018|2020/2021
609|19|182|5|18.85480886566706|F1-SILV|Silverstone|30-Jan-2018|2020/2021
610|225|69|2|44.33313483245076|CHL-ARS|Chelsea vs Arsenal|5-May-2018|2020/2021
611|86|41|1|46.70265945312373|F1-SILV|Silverstone|30-Jan-2018|2020/2021
612|337|92|1|9.10560404635966|CHL-ARS|Chelsea vs Arsenal|5-May-2018|2020/2021
613|369|37|5|29.199461979486664|CHL-ARS|Chelsea vs Arsenal|5-May-2018|2020/2021
614|354|97|1|38.661192518469875|F1-SILV|Silverstone|30-Jan-2018|2020/2021
615|208|47|3|21.827626535037957|BTH-SRC|Bath vs Saracens|Jan-30-2018|2020/2021
616|194|43|1|88.17355034059511|CHL-ARS|Chelsea vs Arsenal|5-May-2018|2020/2021
617|366|165|4|94.11488672107095|BTH-SRC|Bath vs Saracens|Jan-30-2018|2020/2021
618|13|58|1|59.10775859748689|BTH-SRC|Bath vs Saracens|Jan-30-2018|2020/2021
619|230|31|3|20.315525254394462|BTH-SRC|Bath vs Saracens|Jan-30-2018|2020/2021
620|273|17|2|25.4911792379214|F1-SILV|Silverstone|30-Jan-2018|2020/2021
621|262|130|4|62.41902631407801|F1-SILV|Silverstone|30-Jan-2018|2020/2021
622|97|133|5|11.107566705772642|CHL-ARS|Chelsea vs Arsenal|5-May-2018|2020/2021
623|73|97|1|50.37882926712817|F1-SILV|Silverstone|30-Jan-2018|2020/2021
624|320|100|5|68.87505589295007|BTH-SRC|Bath vs Saracens|Jan-30-2018|2020/2021
625|28|102|5|3.297127112850329|F1-SILV|Silverstone|30-Jan-2018|2020/2021
626|39|19|5|54.69298461808675|CHL-ARS|Chelsea vs Arsenal|5-May-2018|2020/2021
627|200|91|1|20.88457861613351|BTH-SRC|Bath vs Saracens|Jan-30-2018|2020/2021
628|238|164|5|65.23358510484208|BTH-SRC|Bath vs Saracens|Jan-30-2018|2020/2021
629|355|169|4|17.302215675250785|BTH-SRC|Bath vs Saracens|Jan-30-2018|2020/2021
630|121|96|2|26.636590447484775|CHL-ARS|Chelsea vs Arsenal|5-May-2018|2020/2021
631|174|7|2|68.63790980846409|BTH-SRC|Bath vs Saracens|Jan-30-2018|2020/2021
632|65|140|2|28.922596067887753|F1-SILV|Silverstone|30-Jan-2018|2020/2021
633|399|110|3|25.098048597879906|BTH-SRC|Bath vs Saracens|Jan-30-2018|2020/2021
634|29|79|4|21.888024855703204|F1-SILV|Silverstone|30-Jan-2018|2020/2021
635|187|112|5|80.05007405843753|F1-SILV|Silverstone|30-Jan-2018|2020/2021
636|59|170|2|64.0922425637406|BTH-SRC|Bath vs Saracens|Jan-30-2018|2020/2021
637|310|21|2|92.24615017101122|BTH-SRC|Bath vs Saracens|Jan-30-2018|2020/2021
638|223|70|3|69.6132089714138|F1-SILV|Silverstone|30-Jan-2018|2020/2021
639|345|67|4|97.45621045971914|F1-SILV|Silverstone|30-Jan-2018|2020/2021
640|196|26|2|25.189030559025404|BTH-SRC|Bath vs Saracens|Jan-30-2018|2020/2021
641|302|110|5|77.92919839091762|BTH-SRC|Bath vs Saracens|Jan-30-2018|2020/2021
642|373|111|3|5.581405382103988|CHL-ARS|Chelsea vs Arsenal|5-May-2018|2020/2021
643|154|7|1|82.76333198315217|BTH-SRC|Bath vs Saracens|Jan-30-2018|2020/2021
644|82|119|1|19.918394059687127|CHL-ARS|Chelsea vs Arsenal|5-May-2018|2020/2021
645|283|51|5|29.953660756736276|BTH-SRC|Bath vs Saracens|Jan-30-2018|2020/2021
646|15|83|5|93.63513289256787|BTH-SRC|Bath vs Saracens|Jan-30-2018|2020/2021
647|63|137|3|88.94158965552064|CHL-ARS|Chelsea vs Arsenal|5-May-2018|2020/2021
648|38|137|2|17.541022570974498|CHL-ARS|Chelsea vs Arsenal|5-May-2018|2020/2021
649|317|173|3|17.45590510360354|CHL-ARS|Chelsea vs Arsenal|5-May-2018|2020/2021
650|201|165|1|41.09555632955683|F1-SILV|Silverstone|30-Jan-2018|2020/2021
651|108|82|2|62.01680421739083|CHL-ARS|Chelsea vs Arsenal|5-May-2018|2020/2021
652|361|87|1|99.47168301383343|CHL-ARS|Chelsea vs Arsenal|5-May-2018|2020/2021
653|131|166|2|65.5985497909284|F1-SILV|Silverstone|30-Jan-2018|2020/2021
654|47|33|4|63.283436791520174|F1-SILV|Silverstone|30-Jan-2018|2020/2021
655|227|168|1|96.17646322180734|BTH-SRC|Bath vs Saracens|Jan-30-2018|2020/2021
656|38|23|1|41.91551755389153|BTH-SRC|Bath vs Saracens|Jan-30-2018|2020/2021
657|330|54|1|63.1475393364069|CHL-ARS|Chelsea vs Arsenal|5-May-2018|2020/2021
658|211|134|2|89.13627075140201|F1-SILV|Silverstone|30-Jan-2018|2020/2021
659|344|9|2|90.22793192219228|BTH-SRC|Bath vs Saracens|Jan-30-2018|2020/2021
660|195|39|3|3.6639271194008893|F1-SILV|Silverstone|30-Jan-2018|2020/2021
661|32|98|1|54.77230732170154|BTH-SRC|Bath vs Saracens|Jan-30-2018|2020/2021
662|351|162|5|62.29456097237684|F1-SILV|Silverstone|30-Jan-2018|2020/2021
663|55|112|1|36.954699467418386|CHL-ARS|Chelsea vs Arsenal|5-May-2018|2020/2021
664|164|124|5|83.06193134531313|CHL-ARS|Chelsea vs Arsenal|5-May-2018|2020/2021
665|120|45|1|64.63659820231423|CHL-ARS|Chelsea vs Arsenal|5-May-2018|2020/2021
666|133|135|4|59.574315723193884|CHL-ARS|Chelsea vs Arsenal|5-May-2018|2020/2021
667|228|20|3|30.771361764684446|CHL-ARS|Chelsea vs Arsenal|5-May-2018|2020/2021
668|151|45|3|48.675889386748906|F1-SILV|Silverstone|30-Jan-2018|2020/2021
669|47|34|4|54.19349744281128|F1-SILV|Silverstone|30-Jan-2018|2020/2021
670|335|4|2|63.06329710821535|BTH-SRC|Bath vs Saracens|Jan-30-2018|2020/2021
671|141|33|2|20.027668905560436|CHL-ARS|Chelsea vs Arsenal|5-May-2018|2020/2021
672|170|8|4|95.97791236944931|F1-SILV|Silverstone|30-Jan-2018|2020/2021
673|362|162|3|67.11545258599217|F1-SILV|Silverstone|30-Jan-2018|2020/2021
674|53|42|2|39.24843894941038|BTH-SRC|Bath vs Saracens|Jan-30-2018|2020/2021
675|147|188|4|63.03989571713914|F1-SILV|Silverstone|30-Jan-2018|2020/2021
676|212|143|1|42.010348529963096|F1-SILV|Silverstone|30-Jan-2018|2020/2021
677|317|196|4|69.00224800578772|BTH-SRC|Bath vs Saracens|Jan-30-2018|2020/2021
678|110|86|1|88.96204874045722|CHL-ARS|Chelsea vs Arsenal|5-May-2018|2020/2021
679|187|96|1|22.004038755377998|F1-SILV|Silverstone|30-Jan-2018|2020/2021
680|337|119|1|58.676503559129934|F1-SILV|Silverstone|30-Jan-2018|2020/2021
681|378|124|5|14.275163070858055|F1-SILV|Silverstone|30-Jan-2018|2020/2021
682|295|162|5|7.019273733652143|F1-SILV|Silverstone|30-Jan-2018|2020/2021
683|159|187|4|74.95547239587675|BTH-SRC|Bath vs Saracens|Jan-30-2018|2020/2021
684|223|153|1|49.33985588867776|CHL-ARS|Chelsea vs Arsenal|5-May-2018|2020/2021
685|216|119|1|33.15063312625918|F1-SILV|Silverstone|30-Jan-2018|2020/2021
686|96|142|5|53.06140846193341|CHL-ARS|Chelsea vs Arsenal|5-May-2018|2020/2021
687|108|90|2|84.44778534361069|CHL-ARS|Chelsea vs Arsenal|5-May-2018|2020/2021
688|33|123|4|29.472134385371497|BTH-SRC|Bath vs Saracens|Jan-30-2018|2020/2021
689|224|173|3|88.77543333876893|BTH-SRC|Bath vs Saracens|Jan-30-2018|2020/2021
690|104|56|1|19.25797716950268|BTH-SRC|Bath vs Saracens|Jan-30-2018|2020/2021
691|300|149|2|42.12413921960281|BTH-SRC|Bath vs Saracens|Jan-30-2018|2020/2021
692|264|191|4|49.704670727817536|F1-SILV|Silverstone|30-Jan-2018|2020/2021
693|195|170|5|5.694133531636892|F1-SILV|Silverstone|30-Jan-2018|2020/2021
694|325|44|1|12.958299982844801|BTH-SRC|Bath vs Saracens|Jan-30-2018|2020/2021
695|239|137|1|70.38252620332946|F1-SILV|Silverstone|30-Jan-2018|2020/2021
696|107|135|2|80.63569085009829|F1-SILV|Silverstone|30-Jan-2018|2020/2021
697|349|113|2|19.02441761730835|F1-SILV|Silverstone|30-Jan-2018|2020/2021
698|311|199|1|28.088922213478405|CHL-ARS|Chelsea vs Arsenal|5-May-2018|2020/2021
699|46|20|4|85.7631537103423|BTH-SRC|Bath vs Saracens|Jan-30-2018|2020/2021
700|35|144|3|75.4390293816153|CHL-ARS|Chelsea vs Arsenal|5-May-2018|2020/2021
701|336|173|3|23.514981330305318|BTH-SRC|Bath vs Saracens|Jan-30-2018|2020/2021
702|236|108|3|89.63590849872863|F1-SILV|Silverstone|30-Jan-2018|2020/2021
703|283|150|5|79.2485993063092|F1-SILV|Silverstone|30-Jan-2018|2020/2021
704|117|124|3|91.174227657681|F1-SILV|Silverstone|30-Jan-2018|2020/2021
705|186|133|3|90.10348895925642|CHL-ARS|Chelsea vs Arsenal|5-May-2018|2020/2021
706|11|181|4|41.00862540496104|CHL-ARS|Chelsea vs Arsenal|5-May-2018|2020/2021
707|265|50|3|23.740316515087102|CHL-ARS|Chelsea vs Arsenal|5-May-2018|2020/2021
708|172|12|2|48.02241665651653|CHL-ARS|Chelsea vs Arsenal|5-May-2018|2020/2021
709|336|3|2|45.31586265248328|BTH-SRC|Bath vs Saracens|Jan-30-2018|2020/2021
710|148|70|3|57.41434084725925|F1-SILV|Silverstone|30-Jan-2018|2020/2021
711|362|6|3|56.711368922916336|CHL-ARS|Chelsea vs Arsenal|5-May-2018|2020/2021
712|374|110|3|7.016408549528441|F1-SILV|Silverstone|30-Jan-2018|2020/2021
713|202|176|1|17.723484273614286|BTH-SRC|Bath vs Saracens|Jan-30-2018|2020/2021
714|190|17|1|24.67037419784438|CHL-ARS|Chelsea vs Arsenal|5-May-2018|2020/2021
715|308|176|1|63.833097169046816|F1-SILV|Silverstone|30-Jan-2018|2020/2021
716|45|10|1|3.7840437994707155|CHL-ARS|Chelsea vs Arsenal|5-May-2018|2020/2021
717|360|26|5|33.45948439777744|CHL-ARS|Chelsea vs Arsenal|5-May-2018|2020/2021
718|234|22|2|63.75782339470594|F1-SILV|Silverstone|30-Jan-2018|2020/2021
719|88|99|2|29.68878912333611|BTH-SRC|Bath vs Saracens|Jan-30-2018|2020/2021
720|377|20|5|96.50673630305022|CHL-ARS|Chelsea vs Arsenal|5-May-2018|2020/2021
721|183|122|3|26.115993036578157|F1-SILV|Silverstone|30-Jan-2018|2020/2021
722|316|21|1|28.261669229454977|F1-SILV|Silverstone|30-Jan-2018|2020/2021
723|286|36|1|55.100877231674595|BTH-SRC|Bath vs Saracens|Jan-30-2018|2020/2021
724|191|25|2|61.83761062389056|CHL-ARS|Chelsea vs Arsenal|5-May-2018|2020/2021
725|336|132|1|43.0705264380977|CHL-ARS|Chelsea vs Arsenal|5-May-2018|2020/2021
726|185|180|2|79.37533946003835|F1-SILV|Silverstone|30-Jan-2018|2020/2021
727|151|89|2|71.2590733498429|BTH-SRC|Bath vs Saracens|Jan-30-2018|2020/2021
728|137|12|3|32.434788939702564|BTH-SRC|Bath vs Saracens|Jan-30-2018|2020/2021
729|395|63|2|3.6190218358385207|F1-SILV|Silverstone|30-Jan-2018|2020/2021
730|83|186|4|81.09643971240243|BTH-SRC|Bath vs Saracens|Jan-30-2018|2020/2021
731|284|137|5|62.77522133793908|BTH-SRC|Bath vs Saracens|Jan-30-2018|2020/2021
732|262|77|2|2.4941749112527667|BTH-SRC|Bath vs Saracens|Jan-30-2018|2020/2021
733|286|152|2|49.753729098143964|BTH-SRC|Bath vs Saracens|Jan-30-2018|2020/2021
734|329|33|1|6.029519766645164|BTH-SRC|Bath vs Saracens|Jan-30-2018|2020/2021
735|51|47|1|4.374782393260879|BTH-SRC|Bath vs Saracens|Jan-30-2018|2020/2021
736|383|180|5|44.40868465151737|BTH-SRC|Bath vs Saracens|Jan-30-2018|2020/2021
737|179|34|4|26.287204820309395|BTH-SRC|Bath vs Saracens|Jan-30-2018|2020/2021
738|294|35|3|23.50698919251546|F1-SILV|Silverstone|30-Jan-2018|2020/2021
739|346|51|1|19.567738053155637|BTH-SRC|Bath vs Saracens|Jan-30-2018|2020/2021
740|345|51|5|55.20389490036596|CHL-ARS|Chelsea vs Arsenal|5-May-2018|2020/2021
741|321|155|5|98.3378530106447|CHL-ARS|Chelsea vs Arsenal|5-May-2018|2020/2021
742|65|30|5|19.971771182822085|CHL-ARS|Chelsea vs Arsenal|5-May-2018|2020/2021
743|277|161|4|29.134621648370295|F1-SILV|Silverstone|30-Jan-2018|2020/2021
744|53|49|5|92.62745493381968|F1-SILV|Silverstone|30-Jan-2018|2020/2021
745|42|139|4|73.97782158068718|BTH-SRC|Bath vs Saracens|Jan-30-2018|2020/2021
746|388|57|5|38.59526023978959|BTH-SRC|Bath vs Saracens|Jan-30-2018|2020/2021
747|65|153|2|11.954435352010705|BTH-SRC|Bath vs Saracens|Jan-30-2018|2020/2021
748|102|45|4|59.069612638684774|BTH-SRC|Bath vs Saracens|Jan-30-2018|2020/2021
749|374|107|3|59.256487011429826|CHL-ARS|Chelsea vs Arsenal|5-May-2018|2020/2021
750|32|105|2|28.05994609358463|F1-SILV|Silverstone|30-Jan-2018|2020/2021
751|129|37|2|42.73417637620809|F1-SILV|Silverstone|30-Jan-2018|2020/2021
752|256|192|1|93.41993733595417|CHL-ARS|Chelsea vs Arsenal|5-May-2018|2020/2021
753|359|47|2|49.31718225244377|F1-SILV|Silverstone|30-Jan-2018|2020/2021
754|56|29|1|60.16212006064037|F1-SILV|Silverstone|30-Jan-2018|2020/2021
755|42|106|3|98.96277386515493|F1-SILV|Silverstone|30-Jan-2018|2020/2021
756|287|199|2|10.37638288964292|CHL-ARS|Chelsea vs Arsenal|5-May-2018|2020/2021
757|45|75|1|49.43414932425879|F1-SILV|Silverstone|30-Jan-2018|2020/2021
758|254|27|3|93.79362593236166|CHL-ARS|Chelsea vs Arsenal|5-May-2018|2020/2021
759|136|54|3|79.8682793142204|BTH-SRC|Bath vs Saracens|Jan-30-2018|2020/2021
760|293|35|3|75.37690427795417|CHL-ARS|Chelsea vs Arsenal|5-May-2018|2020/2021
761|113|124|2|53.643206282560485|CHL-ARS|Chelsea vs Arsenal|5-May-2018|2020/2021
762|200|108|4|33.88127822310552|CHL-ARS|Chelsea vs Arsenal|5-May-2018|2020/2021
763|217|165|4|56.45228518854347|BTH-SRC|Bath vs Saracens|Jan-30-2018|2020/2021
764|292|114|4|72.59170550366801|CHL-ARS|Chelsea vs Arsenal|5-May-2018|2020/2021
765|177|122|1|65.8571413720469|CHL-ARS|Chelsea vs Arsenal|5-May-2018|2020/2021
766|139|96|5|50.51677715049|F1-SILV|Silverstone|30-Jan-2018|2020/2021
767|160|38|2|29.656275653643917|CHL-ARS|Chelsea vs Arsenal|5-May-2018|2020/2021
768|108|98|4|15.90354473210619|BTH-SRC|Bath vs Saracens|Jan-30-2018|2020/2021
769|281|82|4|64.96244097476969|F1-SILV|Silverstone|30-Jan-2018|2020/2021
770|258|87|1|6.496471558905414|F1-SILV|Silverstone|30-Jan-2018|2020/2021
771|84|63|5|85.70461345740358|BTH-SRC|Bath vs Saracens|Jan-30-2018|2020/2021
772|378|146|4|49.524664340532055|CHL-ARS|Chelsea vs Arsenal|5-May-2018|2020/2021
773|296|96|1|75.30854054364715|CHL-ARS|Chelsea vs Arsenal|5-May-2018|2020/2021
774|288|95|3|95.84670542617887|CHL-ARS|Chelsea vs Arsenal|5-May-2018|2020/2021
775|10|174|1|19.132003619089243|F1-SILV|Silverstone|30-Jan-2018|2020/2021
776|276|178|5|89.33688975905206|CHL-ARS|Chelsea vs Arsenal|5-May-2018|2020/2021
777|229|108|3|78.07543181819192|CHL-ARS|Chelsea vs Arsenal|5-May-2018|2020/2021
778|280|31|4|4.863852051628459|BTH-SRC|Bath vs Saracens|Jan-30-2018|2020/2021
779|17|187|3|40.869731749914116|BTH-SRC|Bath vs Saracens|Jan-30-2018|2020/2021
780|141|100|2|64.89900867846117|CHL-ARS|Chelsea vs Arsenal|5-May-2018|2020/2021
781|33|4|4|14.004241646904125|BTH-SRC|Bath vs Saracens|Jan-30-2018|2020/2021
782|373|76|2|66.27796468285699|CHL-ARS|Chelsea vs Arsenal|5-May-2018|2020/2021
783|125|142|5|23.833700548360103|BTH-SRC|Bath vs Saracens|Jan-30-2018|2020/2021
784|23|41|5|17.281251127385634|CHL-ARS|Chelsea vs Arsenal|5-May-2018|2020/2021
785|195|49|4|48.760017620292416|CHL-ARS|Chelsea vs Arsenal|5-May-2018|2020/2021
786|86|173|2|61.11722553946591|CHL-ARS|Chelsea vs Arsenal|5-May-2018|2020/2021
787|202|23|4|62.21868899566837|CHL-ARS|Chelsea vs Arsenal|5-May-2018|2020/2021
788|338|127|4|97.14567560136591|BTH-SRC|Bath vs Saracens|Jan-30-2018|2020/2021
789|87|148|4|60.01153526143963|F1-SILV|Silverstone|30-Jan-2018|2020/2021
790|276|29|1|62.416381043227766|CHL-ARS|Chelsea vs Arsenal|5-May-2018|2020/2021
791|161|89|3|79.73293898804685|CHL-ARS|Chelsea vs Arsenal|5-May-2018|2020/2021
792|52|151|3|14.352771261140829|BTH-SRC|Bath vs Saracens|Jan-30-2018|2020/2021
793|148|156|3|53.066704905764425|F1-SILV|Silverstone|30-Jan-2018|2020/2021
794|47|121|5|98.63932702176172|CHL-ARS|Chelsea vs Arsenal|5-May-2018|2020/2021
795|72|179|2|21.167526653462588|F1-SILV|Silverstone|30-Jan-2018|2020/2021
796|285|68|2|57.64539574247601|F1-SILV|Silverstone|30-Jan-2018|2020/2021
797|152|168|5|19.90113293990622|BTH-SRC|Bath vs Saracens|Jan-30-2018|2020/2021
798|151|49|4|37.64688980832563|BTH-SRC|Bath vs Saracens|Jan-30-2018|2020/2021
799|91|173|5|22.83720618123447|CHL-ARS|Chelsea vs Arsenal|5-May-2018|2020/2021
800|304|95|4|91.92423064828066|F1-SILV|Silverstone|30-Jan-2018|2020/2021
801|325|115|5|67.85833794351632|CHL-ARS|Chelsea vs Arsenal|5-May-2018|2020/2021
802|318|78|4|86.2541094858577|BTH-SRC|Bath vs Saracens|Jan-30-2018|2020/2021
803|373|23|3|71.62304595415435|CHL-ARS|Chelsea vs Arsenal|5-May-2018|2020/2021
804|389|49|5|71.10256744275458|F1-SILV|Silverstone|30-Jan-2018|2020/2021
805|355|129|4|35.32723203876872|BTH-SRC|Bath vs Saracens|Jan-30-2018|2020/2021
806|233|159|4|44.262230406249145|CHL-ARS|Chelsea vs Arsenal|5-May-2018|2020/2021
807|210|153|1|82.06467489781483|BTH-SRC|Bath vs Saracens|Jan-30-2018|2020/2021
808|6|52|3|70.38425965140162|CHL-ARS|Chelsea vs Arsenal|5-May-2018|2020/2021
809|293|56|2|44.880045830298876|CHL-ARS|Chelsea vs Arsenal|5-May-2018|2020/2021
810|42|153|4|93.24242812512928|CHL-ARS|Chelsea vs Arsenal|5-May-2018|2020/2021
811|321|85|5|85.18345773692643|F1-SILV|Silverstone|30-Jan-2018|2020/2021
812|188|91|4|29.86943074424182|BTH-SRC|Bath vs Saracens|Jan-30-2018|2020/2021
813|319|64|2|67.0520334000253|F1-SILV|Silverstone|30-Jan-2018|2020/2021
814|371|197|5|84.21995427394114|BTH-SRC|Bath vs Saracens|Jan-30-2018|2020/2021
815|320|136|5|65.46766304163324|CHL-ARS|Chelsea vs Arsenal|5-May-2018|2020/2021
816|112|98|3|86.82315750554281|CHL-ARS|Chelsea vs Arsenal|5-May-2018|2020/2021
817|250|125|4|98.1130782072716|F1-SILV|Silverstone|30-Jan-2018|2020/2021
818|240|103|4|64.88810257174346|BTH-SRC|Bath vs Saracens|Jan-30-2018|2020/2021
819|324|54|2|87.36404764336068|F1-SILV|Silverstone|30-Jan-2018|2020/2021
820|308|54|5|77.55287736433093|BTH-SRC|Bath vs Saracens|Jan-30-2018|2020/2021
821|244|192|3|40.562367761604655|F1-SILV|Silverstone|30-Jan-2018|2020/2021
822|231|169|1|44.57280663222447|F1-SILV|Silverstone|30-Jan-2018|2020/2021
823|258|109|4|37.05815096778573|BTH-SRC|Bath vs Saracens|Jan-30-2018|2020/2021
824|195|8|1|48.54375658078903|F1-SILV|Silverstone|30-Jan-2018|2020/2021
825|163|158|1|78.47609491578336|BTH-SRC|Bath vs Saracens|Jan-30-2018|2020/2021
826|73|55|5|33.793540518683685|F1-SILV|Silverstone|30-Jan-2018|2020/2021
827|323|106|2|42.26225715529465|F1-SILV|Silverstone|30-Jan-2018|2020/2021
828|55|33|3|10.669789109904414|BTH-SRC|Bath vs Saracens|Jan-30-2018|2020/2021
829|282|196|1|1.618843161976613|BTH-SRC|Bath vs Saracens|Jan-30-2018|2020/2021
830|350|6|1|4.407421070091799|BTH-SRC|Bath vs Saracens|Jan-30-2018|2020/2021
831|288|138|5|61.81817021986007|BTH-SRC|Bath vs Saracens|Jan-30-2018|2020/2021
832|380|78|4|1.0209019042350165|BTH-SRC|Bath vs Saracens|Jan-30-2018|2020/2021
833|189|116|5|52.08712799536583|F1-SILV|Silverstone|30-Jan-2018|2020/2021
834|148|163|2|44.32868560019699|CHL-ARS|Chelsea vs Arsenal|5-May-2018|2020/2021
835|200|8|5|76.33442924672215|CHL-ARS|Chelsea vs Arsenal|5-May-2018|2020/2021
836|177|157|5|99.8633529506737|CHL-ARS|Chelsea vs Arsenal|5-May-2018|2020/2021
837|203|94|5|60.184529134169026|CHL-ARS|Chelsea vs Arsenal|5-May-2018|2020/2021
838|2|95|2|83.99531620978436|BTH-SRC|Bath vs Saracens|Jan-30-2018|2020/2021
839|82|177|2|86.15888788911718|F1-SILV|Silverstone|30-Jan-2018|2020/2021
840|58|158|5|87.75179806902769|BTH-SRC|Bath vs Saracens|Jan-30-2018|2020/2021
841|248|120|3|21.617550558098277|F1-SILV|Silverstone|30-Jan-2018|2020/2021
842|382|23|5|41.204351576516686|F1-SILV|Silverstone|30-Jan-2018|2020/2021
843|159|187|2|61.83415211024321|F1-SILV|Silverstone|30-Jan-2018|2020/2021
844|268|105|2|94.98616813820449|F1-SILV|Silverstone|30-Jan-2018|2020/2021
845|319|113|5|56.432695433793924|BTH-SRC|Bath vs Saracens|Jan-30-2018|2020/2021
846|358|176|3|65.67748659386297|CHL-ARS|Chelsea vs Arsenal|5-May-2018|2020/2021
847|109|4|4|93.74451108394517|CHL-ARS|Chelsea vs Arsenal|5-May-2018|2020/2021
848|318|36|5|10.539875640801277|CHL-ARS|Chelsea vs Arsenal|5-May-2018|2020/2021
849|374|103|4|27.377392283097702|F1-SILV|Silverstone|30-Jan-2018|2020/2021
850|278|79|4|10.269046312934737|CHL-ARS|Chelsea vs Arsenal|5-May-2018|2020/2021
851|283|108|1|69.52773094588484|BTH-SRC|Bath vs Saracens|Jan-30-2018|2020/2021
852|8|80|4|39.17820822460412|CHL-ARS|Chelsea vs Arsenal|5-May-2018|2020/2021
853|148|31|4|89.21750078008257|CHL-ARS|Chelsea vs Arsenal|5-May-2018|2020/2021
854|61|167|5|9.619802616218031|F1-SILV|Silverstone|30-Jan-2018|2020/2021
855|374|166|1|80.07399939166635|BTH-SRC|Bath vs Saracens|Jan-30-2018|2020/2021
856|148|15|2|94.35940097213418|CHL-ARS|Chelsea vs Arsenal|5-May-2018|2020/2021
857|61|106|2|21.203978688114546|BTH-SRC|Bath vs Saracens|Jan-30-2018|2020/2021
858|399|122|3|26.67024388057204|CHL-ARS|Chelsea vs Arsenal|5-May-2018|2020/2021
859|325|147|4|39.24136902180685|F1-SILV|Silverstone|30-Jan-2018|2020/2021
860|277|168|5|15.570791640377635|F1-SILV|Silverstone|30-Jan-2018|2020/2021
861|147|193|5|48.172571158860244|BTH-SRC|Bath vs Saracens|Jan-30-2018|2020/2021
862|13|155|2|2.832261384548329|F1-SILV|Silverstone|30-Jan-2018|2020/2021
863|289|157|5|61.938774710230696|CHL-ARS|Chelsea vs Arsenal|5-May-2018|2020/2021
864|184|155|3|6.795360059093902|CHL-ARS|Chelsea vs Arsenal|5-May-2018|2020/2021
865|331|60|2|2.954721743655375|CHL-ARS|Chelsea vs Arsenal|5-May-2018|2020/2021
866|174|103|1|5.252000370429089|BTH-SRC|Bath vs Saracens|Jan-30-2018|2020/2021
867|206|115|5|7.547505618611206|CHL-ARS|Chelsea vs Arsenal|5-May-2018|2020/2021
868|83|83|1|21.041398754458807|F1-SILV|Silverstone|30-Jan-2018|2020/2021
869|6|161|5|63.38999988509254|BTH-SRC|Bath vs Saracens|Jan-30-2018|2020/2021
870|130|193|5|90.3104926362829|BTH-SRC|Bath vs Saracens|Jan-30-2018|2020/2021
871|53|139|1|5.799155482052775|BTH-SRC|Bath vs Saracens|Jan-30-2018|2020/2021
872|284|35|5|71.44081899171823|CHL-ARS|Chelsea vs Arsenal|5-May-2018|2020/2021
873|172|46|3|45.67742407732784|BTH-SRC|Bath vs Saracens|Jan-30-2018|2020/2021
874|97|76|4|6.727684206595653|BTH-SRC|Bath vs Saracens|Jan-30-2018|2020/2021
875|195|60|4|55.338730390298366|BTH-SRC|Bath vs Saracens|Jan-30-2018|2020/2021
876|213|14|3|91.16587087162293|CHL-ARS|Chelsea vs Arsenal|5-May-2018|2020/2021
877|318|35|5|29.988791472458708|BTH-SRC|Bath vs Saracens|Jan-30-2018|2020/2021
878|318|191|4|17.83364869476898|CHL-ARS|Chelsea vs Arsenal|5-May-2018|2020/2021
879|172|59|2|79.92309357090501|BTH-SRC|Bath vs Saracens|Jan-30-2018|2020/2021
880|339|38|1|79.78974692721546|BTH-SRC|Bath vs Saracens|Jan-30-2018|2020/2021
881|105|197|4|67.07371117892936|CHL-ARS|Chelsea vs Arsenal|5-May-2018|2020/2021
882|247|65|2|22.471909351722662|BTH-SRC|Bath vs Saracens|Jan-30-2018|2020/2021
883|386|160|3|61.200479483788136|F1-SILV|Silverstone|30-Jan-2018|2020/2021
884|38|128|3|14.835676809453435|CHL-ARS|Chelsea vs Arsenal|5-May-2018|2020/2021
885|26|44|4|68.09144163003761|F1-SILV|Silverstone|30-Jan-2018|2020/2021
886|377|141|1|80.54736959881251|BTH-SRC|Bath vs Saracens|Jan-30-2018|2020/2021
887|99|58|2|86.48061731427357|BTH-SRC|Bath vs Saracens|Jan-30-2018|2020/2021
888|203|77|3|29.27072423086241|F1-SILV|Silverstone|30-Jan-2018|2020/2021
889|265|37|2|64.21282673426242|CHL-ARS|Chelsea vs Arsenal|5-May-2018|2020/2021
890|105|106|5|60.74540028323171|CHL-ARS|Chelsea vs Arsenal|5-May-2018|2020/2021
891|119|55|5|14.658052465364602|BTH-SRC|Bath vs Saracens|Jan-30-2018|2020/2021
892|260|9|1|47.676916390718404|BTH-SRC|Bath vs Saracens|Jan-30-2018|2020/2021
893|287|63|5|12.670332280337393|F1-SILV|Silverstone|30-Jan-2018|2020/2021
894|276|195|3|58.9336080629719|BTH-SRC|Bath vs Saracens|Jan-30-2018|2020/2021
895|369|41|2|82.5443860387759|BTH-SRC|Bath vs Saracens|Jan-30-2018|2020/2021
896|79|27|2|84.38051526637545|BTH-SRC|Bath vs Saracens|Jan-30-2018|2020/2021
897|28|73|3|38.67922941044759|CHL-ARS|Chelsea vs Arsenal|5-May-2018|2020/2021
898|90|34|1|20.055476556803075|CHL-ARS|Chelsea vs Arsenal|5-May-2018|2020/2021
899|325|18|1|35.11731133609014|F1-SILV|Silverstone|30-Jan-2018|2020/2021
900|26|134|4|94.45172576996481|CHL-ARS|Chelsea vs Arsenal|5-May-2018|2020/2021
901|324|31|5|79.57664387365581|CHL-ARS|Chelsea vs Arsenal|5-May-2018|2020/2021
902|327|79|2|80.421088661552|CHL-ARS|Chelsea vs Arsenal|5-May-2018|2020/2021
903|62|7|5|95.07742998724069|CHL-ARS|Chelsea vs Arsenal|5-May-2018|2020/2021
904|257|199|5|27.439274064052555|CHL-ARS|Chelsea vs Arsenal|5-May-2018|2020/2021
905|227|72|4|89.02617195555302|CHL-ARS|Chelsea vs Arsenal|5-May-2018|2020/2021
906|132|111|2|69.99484252015029|BTH-SRC|Bath vs Saracens|Jan-30-2018|2020/2021
907|191|62|1|10.67701401090958|F1-SILV|Silverstone|30-Jan-2018|2020/2021
908|173|69|1|99.79518486194567|F1-SILV|Silverstone|30-Jan-2018|2020/2021
909|220|9|1|21.570789785670065|BTH-SRC|Bath vs Saracens|Jan-30-2018|2020/2021
910|232|112|2|23.06153711561725|F1-SILV|Silverstone|30-Jan-2018|2020/2021
911|246|100|4|53.90035910994975|BTH-SRC|Bath vs Saracens|Jan-30-2018|2020/2021
912|251|80|5|65.79408662927595|F1-SILV|Silverstone|30-Jan-2018|2020/2021
913|384|17|1|82.52550220574541|BTH-SRC|Bath vs Saracens|Jan-30-2018|2020/2021
914|74|197|3|91.97671749679309|BTH-SRC|Bath vs Saracens|Jan-30-2018|2020/2021
915|148|183|1|99.38390167850665|BTH-SRC|Bath vs Saracens|Jan-30-2018|2020/2021
916|298|82|4|96.96301460666184|F1-SILV|Silverstone|30-Jan-2018|2020/2021
917|95|183|5|13.874287945342822|BTH-SRC|Bath vs Saracens|Jan-30-2018|2020/2021
918|244|5|1|57.337744505226084|F1-SILV|Silverstone|30-Jan-2018|2020/2021
919|311|180|1|66.50134152945836|F1-SILV|Silverstone|30-Jan-2018|2020/2021
920|396|75|3|41.27883587895246|BTH-SRC|Bath vs Saracens|Jan-30-2018|2020/2021
921|308|10|5|94.25911903068288|F1-SILV|Silverstone|30-Jan-2018|2020/2021
922|375|58|4|25.591482021603884|BTH-SRC|Bath vs Saracens|Jan-30-2018|2020/2021
923|33|93|3|68.61841780073948|BTH-SRC|Bath vs Saracens|Jan-30-2018|2020/2021
924|332|25|3|6.459659166482212|F1-SILV|Silverstone|30-Jan-2018|2020/2021
925|385|129|1|96.71414803199212|CHL-ARS|Chelsea vs Arsenal|5-May-2018|2020/2021
926|329|16|1|88.45144966925427|F1-SILV|Silverstone|30-Jan-2018|2020/2021
927|112|196|1|79.12643097884525|BTH-SRC|Bath vs Saracens|Jan-30-2018|2020/2021
928|97|172|4|78.21969260834773|F1-SILV|Silverstone|30-Jan-2018|2020/2021
929|300|143|3|8.625294947987472|F1-SILV|Silverstone|30-Jan-2018|2020/2021
930|277|157|1|91.05864542824531|CHL-ARS|Chelsea vs Arsenal|5-May-2018|2020/2021
931|298|114|5|87.92783671563133|F1-SILV|Silverstone|30-Jan-2018|2020/2021
932|197|106|2|56.92782261288492|BTH-SRC|Bath vs Saracens|Jan-30-2018|2020/2021
933|24|197|3|45.21835553357839|BTH-SRC|Bath vs Saracens|Jan-30-2018|2020/2021
934|319|179|2|43.069770245095796|F1-SILV|Silverstone|30-Jan-2018|2020/2021
935|339|152|1|16.04948792577886|F1-SILV|Silverstone|30-Jan-2018|2020/2021
936|130|35|3|44.835788038515915|F1-SILV|Silverstone|30-Jan-2018|2020/2021
937|57|118|1|77.23082113209344|F1-SILV|Silverstone|30-Jan-2018|2020/2021
938|351|136|3|77.7982867119474|CHL-ARS|Chelsea vs Arsenal|5-May-2018|2020/2021
939|28|179|3|34.10840658354031|CHL-ARS|Chelsea vs Arsenal|5-May-2018|2020/2021
940|245|189|2|92.65958104406565|F1-SILV|Silverstone|30-Jan-2018|2020/2021
941|174|83|1|70.87902877303301|BTH-SRC|Bath vs Saracens|Jan-30-2018|2020/2021
942|295|44|3|26.953577723436574|F1-SILV|Silverstone|30-Jan-2018|2020/2021
943|320|32|5|22.34809697511618|F1-SILV|Silverstone|30-Jan-2018|2020/2021
944|214|9|3|59.59810593496408|BTH-SRC|Bath vs Saracens|Jan-30-2018|2020/2021
945|75|34|2|44.9093578764442|CHL-ARS|Chelsea vs Arsenal|5-May-2018|2020/2021
946|324|128|4|35.29416766817434|BTH-SRC|Bath vs Saracens|Jan-30-2018|2020/2021
947|85|183|1|96.89675668726765|CHL-ARS|Chelsea vs Arsenal|5-May-2018|2020/2021
948|71|83|1|82.94959239426157|F1-SILV|Silverstone|30-Jan-2018|2020/2021
949|200|199|4|1.4299929994789462|CHL-ARS|Chelsea vs Arsenal|5-May-2018|2020/2021
950|169|199|1|21.584118428617614|BTH-SRC|Bath vs Saracens|Jan-30-2018|2020/2021
951|294|45|5|81.04161988887321|F1-SILV|Silverstone|30-Jan-2018|2020/2021
952|295|190|4|35.59810681503858|F1-SILV|Silverstone|30-Jan-2018|2020/2021
953|109|6|3|98.48294717590034|F1-SILV|Silverstone|30-Jan-2018|2020/2021
954|368|12|2|21.76883340036969|CHL-ARS|Chelsea vs Arsenal|5-May-2018|2020/2021
955|29|5|4|72.70268138338827|F1-SILV|Silverstone|30-Jan-2018|2020/2021
956|211|153|5|33.88718916404297|F1-SILV|Silverstone|30-Jan-2018|2020/2021
957|338|183|4|50.60921316492536|CHL-ARS|Chelsea vs Arsenal|5-May-2018|2020/2021
958|309|108|5|18.35600624125955|BTH-SRC|Bath vs Saracens|Jan-30-2018|2020/2021
959|249|40|4|67.0066593447038|BTH-SRC|Bath vs Saracens|Jan-30-2018|2020/2021
960|8|161|1|96.56072061901854|BTH-SRC|Bath vs Saracens|Jan-30-2018|2020/2021
961|140|168|1|7.908765863557332|CHL-ARS|Chelsea vs Arsenal|5-May-2018|2020/2021
962|386|6|1|50.30676283039125|F1-SILV|Silverstone|30-Jan-2018|2020/2021
963|78|98|2|98.31383362058769|F1-SILV|Silverstone|30-Jan-2018|2020/2021
964|7|60|5|40.9941971584609|BTH-SRC|Bath vs Saracens|Jan-30-2018|2020/2021
965|398|179|3|35.13234753186527|CHL-ARS|Chelsea vs Arsenal|5-May-2018|2020/2021
966|184|183|3|77.47518622017449|F1-SILV|Silverstone|30-Jan-2018|2020/2021
967|190|138|2|57.34901722914319|BTH-SRC|Bath vs Saracens|Jan-30-2018|2020/2021
968|372|59|4|80.7095277331825|F1-SILV|Silverstone|30-Jan-2018|2020/2021
969|86|6|4|21.58316856871949|BTH-SRC|Bath vs Saracens|Jan-30-2018|2020/2021
970|350|125|3|30.872303660494083|BTH-SRC|Bath vs Saracens|Jan-30-2018|2020/2021
971|173|147|2|81.50194294337876|BTH-SRC|Bath vs Saracens|Jan-30-2018|2020/2021
972|48|137|5|12.742604895871224|CHL-ARS|Chelsea vs Arsenal|5-May-2018|2020/2021
973|147|7|3|29.1206724584153|CHL-ARS|Chelsea vs Arsenal|5-May-2018|2020/2021
974|195|141|3|58.744483730017684|CHL-ARS|Chelsea vs Arsenal|5-May-2018|2020/2021
975|151|118|3|19.05803093601368|CHL-ARS|Chelsea vs Arsenal|5-May-2018|2020/2021
976|7|158|1|84.91342432533945|CHL-ARS|Chelsea vs Arsenal|5-May-2018|2020/2021
977|55|19|1|93.45175326215471|F1-SILV|Silverstone|30-Jan-2018|2020/2021
978|88|11|4|11.486837300555042|CHL-ARS|Chelsea vs Arsenal|5-May-2018|2020/2021
979|44|47|4|23.22020462380674|CHL-ARS|Chelsea vs Arsenal|5-May-2018|2020/2021
980|88|64|5|43.42891577731799|BTH-SRC|Bath vs Saracens|Jan-30-2018|2020/2021
981|68|55|2|62.28681862498308|CHL-ARS|Chelsea vs Arsenal|5-May-2018|2020/2021
982|41|101|5|57.1879749314166|BTH-SRC|Bath vs Saracens|Jan-30-2018|2020/2021
983|307|136|3|76.5568321833499|F1-SILV|Silverstone|30-Jan-2018|2020/2021
984|35|98|1|20.18465372890541|BTH-SRC|Bath vs Saracens|Jan-30-2018|2020/2021
985|347|128|5|87.04108224925817|BTH-SRC|Bath vs Saracens|Jan-30-2018|2020/2021
986|1|118|4|76.16699352152818|CHL-ARS|Chelsea vs Arsenal|5-May-2018|2020/2021
987|388|111|2|38.68923475803173|F1-SILV|Silverstone|30-Jan-2018|2020/2021
988|151|58|2|42.21523884097728|BTH-SRC|Bath vs Saracens|Jan-30-2018|2020/2021
989|70|122|3|19.797475126659457|BTH-SRC|Bath vs Saracens|Jan-30-2018|2020/2021
990|101|103|4|73.75829681614576|F1-SILV|Silverstone|30-Jan-2018|2020/2021
991|243|116|3|20.609284492203162|CHL-ARS|Chelsea vs Arsenal|5-May-2018|2020/2021
992|394|84|1|83.71683640110703|F1-SILV|Silverstone|30-Jan-2018|2020/2021
993|291|57|1|32.74844462634966|CHL-ARS|Chelsea vs Arsenal|5-May-2018|2020/2021
994|267|184|2|91.17299691581636|BTH-SRC|Bath vs Saracens|Jan-30-2018|2020/2021
995|70|14|3|9.491591253938925|BTH-SRC|Bath vs Saracens|Jan-30-2018|2020/2021
996|121|188|5|77.22133825981443|BTH-SRC|Bath vs Saracens|Jan-30-2018|2020/2021
997|243|169|1|63.35069772028661|BTH-SRC|Bath vs Saracens|Jan-30-2018|2020/2021
998|290|11|1|80.4780687960401|CHL-ARS|Chelsea vs Arsenal|5-May-2018|2020/2021
999|150|114|3|12.319986900672507|F1-SILV|Silverstone|30-Jan-2018|2020/2021
1000|236|35|1|16.707231738686346|CHL-ARS|Chelsea vs Arsenal|5-May-2018|2020/2021
